SAN,Carton Quantity SAN*,Amazon Identifier,Name,Address 1,Address 2,City,State,Zip,Country,Added,,,,
9907505,,SUOG,SUOG - The Mega Deals,19 Robert Pitt Drive,Ste 103,Monsey,NY,10952,US,01-05-2017,,,,
7609965,,XBRZ,Brazil 3PL,Avenida Doutor Antonio Joao Abadalla, 260 - Bloco 300C,,Cajamar,SP,07776-700,BR - Brazil,7-24-2017,,,
1367358,,GRU5,Avenida Antonio Candido Machado, S/N,Avenida Antonio Candido Machado,3100,Galp�o 3100 ABD,Cajamar,SP,07776-901,BR - Brazil,7-24-2017,,
8100381,,UBC1,Amazon Canada Fulfillment Services, Inc.,8155 N Fraser Way,,Burnaby,BC,V5J 5M8,CA - Canada,7-24-2017,,,
802250X,8022518,YVR2,Amazon Canada Fulfillment Services, Inc.,450 Derwent Pl.,,Delta,BC,V3M 5Y9,CA - Canada,7-24-2017,,,
7800673,7800665,YVR3,Amazon Canada Fulfillment Services, Inc.,109 Braid Street,,New Westminster,BC,V3L5H4,CA - Canada,7-24-2017,,,
7604467,7604475,YYZ3,Amazon Canada Fulfillment Services, Inc.,7995 Winston Churchill Blvd.,,Brampton,ON,L6Y 5Z4,CA - Canada,7-24-2017,,,
810008X,8100098,YYZ4,Amazon.com.ca, Inc ,8050 Heritage Road,Non Inventory DD 103,105,Brampton,ON,L6Y 0C9,CA - Canada,7-24-2017,,
7604955,7604963,YYZ6,Amazon.com.ca, Inc ,8050 Heritage Road,,Brampton,ON,L6Y0C9,CA - Canada,7-24-2017,,,
7604351,,YYZ2,Amazon Canada Fulfillment Services, Inc.,2750 Peddie Rd,,Milton,ON,L9T 0K1,CA - Canada,7-24-2017,,,
1188348,118833X,PRTO,Amazon.com.ca, Inc ,6110 Cantay Rd.,,Mississauga,ON,L5R 3W5,CA - Canada,7-24-2017,,,
7603525,7603533,YYZ1,Amazon Canada Fulfillment Services, Inc.,6363 Millcreek Drive,,Mississauga,ON,L5N 1L8,CA - Canada,7-24-2017,,,
1367323,,MEX2,CPA San Martin Obispo Edificio B019,CPA San Martin Obispo ?EEdificio B019,Autopista Chamapa-Lecheria KM 2.5,Cuautitlan Izcalli,Estado de Mexico,54769,MX -Mexico,7-24-2017,,,,
1367307,,VMEX,Servicios Comerciales Amazon Mexico S. de R.L. de C.V.,Parque Industrial 3 Rios, Edificio 3,Carretera Mexico-Queretaro Km 41.5,Cuautitlan Izcalli,Estado de Mexico,54715,MX -Mexico,7-24-2017,,,
1367196,136720X,MEX1,Servicios Comerciales Amazon Mexico S. de R.L. de C.V.,Parque Industrial Tres Rios, TR8 (Amazon),Carretera Mexico ?EQueretaro km 41.5,Cuautitlan Izcalli,Estado de Mexico,54715,MX -Mexico,7-24-2017,,,
801387X,,PHX5,Amazon.com.azdc LLC,16920 W Commerce Drive,,Goodyear,AZ,85338-3620,US,7-24-2017,,,,
8011028,7605714,PHX3,Amazon.com.azdc LLC,6835 West Buckeye Road,,Phoenix,AZ,85043-4428,US,7-24-2017,,,,
7608918,7608926,PHX7,Amazon.com.azdc LLC,800 N 75th Ave,,Phoenix,AZ,85043-2101,US,7-24-2017,,,,
8018847,8018855,PHX6,Amazon.com.azdc LLC,4750 West Mohave St,,Phoenix,AZ,85043-8305,US,7-24-2017,,,,
8016054,8019258,TFC1,Amazon.com.azdc LLC,5050 West Mohave St,,Phoenix,AZ,85043-8305,US,7-24-2017,,,,
7801432,,XUSH,Amazon Fulfillment Services,7037 West Van Buren Street,Menlo Worldwide Logistics,Phoenix,AZ,85043-3313,US,7-24-2017,,,,
9905030,,AZA6,Amazon.com.azdc LLC,2150 East Riverview Drive,,Phoenix,AZ,85034,US,7-24-2017,,,,
9903879,,TAZ1,Treasure Truck Node,500 S 48th St,,Phoenix,AZ,85034,US,7-24-2017,,,,
7801564,7801572,PHX9,Amazon.com.azdc LLC,777 S 79th Ave,,Tolleson,AZ,85353-3140,US,7-24-2017,,,,
9905499,,XUSO,NFI 3PL Perris, CA,657 Nance Street,,Perris,CA,92571,US,7-24-2017,,,
780248X,,OAK8,Golden State FC LLC,1 Middleton Way,,American Canyon,CA,94503,US,7-24-2017,,,,
9906592,,SJC9,Golden State FC LLC,455 Valley Drive,,Brisbane,CA,94005,US,7-24-2017,,,,
780119X,,VUKF,Amazon.com.dedc LLC,18120 Bishop Ave,,Carson,CA,90746-4032,US,7-24-2017,,,,
9902554,,DAV1,Amazon.com.dedc LLC,1 Shields Ave,Room 182, Davis Memorial Union Building,Davis,CA,95616-8662,US,7-24-2017,,,
9905111,9911340,LGB3,Golden State FC LLC,4950 Goodman way,,Eastvale,CA,91752-5087,US,7-24-2017,,,,
7802331,780234X,SNA6,Golden State FC LLC,5250 Goodman Way,,Eastvale,CA,91752-5088,US,7-24-2017,,,,
780217X,7802188,SNA9,Golden State FC LLC,5250 Goodman Way,,Eastvale,CA,91752-5088,US,7-24-2017,,,,
9904247,,VUBG,Amazon.com.indc LLC,8365 Sultana Ave,Unit 2,Fontana,CA,92335,US,7-24-2017,,,,
9903259,,VUPQ,Amazon.com.dedc LLC,9211 Kaiser Way,,Fontana,CA,92335,US,7-24-2017,,,,
9905138,,IRV1,Amazon.com.dedc LLC,4141 Campus Drive,,Irvine,CA,92612,US,7-24-2017,,,,
9903860,,TCA4,Treasure Truck Node,2006 McGaw Avenue,,Irvine,CA,92614,US,7-24-2017,,,,
9904298,,CSD1,Amazon.com.dedc LLC,9500 Gilman Drive #0102,,La Jolla,CA,92093,US,7-24-2017,,,,
9904328,,LGB2,Amazon.com.dedc LLC,6049 E 7th St,,Long Beach,CA,90840,US,7-24-2017,,,,
9904344,,BUR2,Amazon.com.dedc LLC,925 Westwood Boulevard,,Los Angeles,CA,90024,US,7-24-2017,,,,
7802455,,HCA3,Amazon.com.nvdc LLC,20529 24th Ave S,Suite A,SeaTac,WA,98198-5503,US,7-24-2017,,,,
7802137,7802145,LAX6,Amazon.com.kydc LLC,5119 District Blvd,,Los Angeles,CA,90058,US,7-24-2017,,,,
9904158,,TCA5,Treasure Truck Node,2400 Marine Avenue,,Redondo Beach,CA,90278,US,7-24-2017,,,,
9901884,,ABE7,Amazon.com.kydc LLC,12510 Micro Dr,,Mira Loma,CA,91752,US,7-24-2017,,,,
7800835,,VUGE,Amazon Nestle Vendor Flex CA,3450 Dulles Dr,,Mira Loma,CA,91752-3242,US,7-24-2017,,,,
8025304,8025312,ONT6,Golden State FC LLC,24208 San Michele Rd,,Moreno Valley,CA,92551-9561,US,7-24-2017,,,,
8026726,8026734,ONT8,Golden State FC LLC,24300 Nandina Ave,,Moreno Valley,CA,92551-9534,US,7-24-2017,,,,
9905170,,VUPG,Amazon.com.dedc LLC,16110 Cosmos Street,,Moreno Valley,CA,92551-7308,US,7-24-2017,,,,
802670X,8026718,OAK7,Golden State FC LLC,38811 Cherry St,,Newark,CA,94560,US,7-24-2017,,,,
9905235,,XLAA,Innovel,5691 E Philadelphia,Suite 100,Ontario,CA,91761-2802,US,7-24-2017,,,,
7609841,7609833,OAK3,Golden State FC LLC,255 Park Center Drive,,Patterson,CA,95363-8876,US,7-24-2017,,,,
9903267,,VUTD,Golden State FC LLC,13032 Slover Ave.,,Fontana,CA,92337,US,7-24-2017,,,,
7800428,7800436,ONT9,Golden State FC LLC,2125 West San Bernardino Ave,,Redlands,CA,92374-5005,US,7-24-2017,,,,
9903828,,LGB4,Golden State FC LLC,27517 Pioneer Avenue,,Redlands,CA,92374-1501,US,7-24-2017,,,,
9904077,,TCA2,Treasure Truck Node,2400 Marine Avenue,,Redondo Beach,CA,90278,US,7-24-2017,,,,
7801580,7801599,SNA4,Golden State FC LLC,2496 W Walnut Ave,,Rialto,CA,92376-3009,US,7-24-2017,,,,
9902430,,XUSJ,Golden State FC LLC,1590 Tamarind Ave,,Rialto,CA,92376,US,7-24-2017,,,,
9903801,9911332,SMF1,Golden State FC LLC,4900 W Elkhorn Blvd,,Sacramento,CA,95835-9505,US,7-24-2017,,,,
9903763,,TCA9,Treasure Truck Node,2934 Ramona Ave,,Sacramento,CA,95826,US,7-24-2017,,,,
7801874,,SNA7,Golden State FC LLC,555 East Orange Show Rd,,San Bernadino,CA,92408-2606,US,7-24-2017,,,,
7802110,7802129,SNA8,Golden State FC LLC,555 East Orange Show Rd,,San Bernadino,CA,92408-2453,US,7-24-2017,,,,
8021937,8021945,ONT2,Golden State FC LLC,1910 E Central Ave,,San Bernardino,CA,92408-0123,US,7-24-2017,,,,
8022968,802300X,ONT4,Golden State FC LLC,1910 E Central Ave,,San Bernardino,CA,92408-0123,US,7-24-2017,,,,
8025169,,ONT7,Golden State FC LLC,2020 E Central Ave,,San Bernardino,CA,92408-2606,US,7-24-2017,,,,
9902090,,PCA2,Golden State FC LLC,4501 PATTERSON AVE,,PERRIS,CA,92571-9722,US,7-24-2017,,,,
9904093,,TCA6,Treasure Truck Node,2727 Kurtz St,,San Diego,CA,92110,US,7-24-2017,,,,
9904085,,TCA1,Treasure Truck Node,455 Valley Drive,,Brisbane,CA,94005,US,7-24-2017,,,,
7800061,,XUSD,Golden State FC LLC,1909 Zephyr St,,Stockton,CA,95206,US,7-24-2017,,,,
9905316,,VUKJ,Amazon.com.dedc LLC,19270 S. Western Avenue,,Torrance,CA,90501,US,7-24-2017,,,,
7800134,7800142,OAK6,Golden State FC LLC,1350 N. MacArthur Drive,,Tracy,CA,95304-9370,US,7-24-2017,,,,
7609760,7609752,OAK4,Golden State FC LLC,1555 N. Chrisman Rd,,Tracy,CA,95304-9370,US,7-24-2017,,,,
9902139,9919317,PCA1,,7700 W Fillmore St,,Phoenix,AZ,85043-2101,US,7-24-2017,,,,
9902155,,SJC7,Golden State FC LLC,188 Mountain House Parkway,,Tracy,CA,95377-8906,US,7-24-2017,,,,
7802609,,VUBD,Amazon.com.indc LLC,13865 George Blvd,,Victorville,CA,92394,US,7-24-2017,,,,
7801092,,VUMX,Amazon Fulfillment Services,241 E Pacific Coast Hwy,,Wilmington,CA,90744-2920,US,7-24-2017,,,,
9905073,,DEN2,Amazon.com.dedc LLC,22205 East 19th Ave,,Aurora,CO,80019-3710,US,7-24-2017,,,,
9905596,,UCO2,Amazon.com.dedc LLC,3434 47th Street,Suite 220,Boulder,CO,80301,US,7-24-2017,,,,
9904131,,TCO1,Treasure Truck Node,480 E 55th Avenue,Suite 100,Denver,CO,80216,US,7-24-2017,,,,
9904395,,CON1,Amazon.com.dedc LLC,40 Wilbur Cross Way,Suite 104,Mansfield,CT,6268,US,7-24-2017,,,,
9905286,9911618,BDL2,Amazon.com.dedc LLC,200 Old Iron Ore Rd,,Windsor,CT,06095-2144,US,7-24-2017,,,,
8025592,8025606,BDL1,Amazon.com.dedc LLC,200 Old Iron Ore Rd,,Windsor,CT,6095,US,7-24-2017,,,,
8021740,8021759,PHL7,Amazon.com.dedc LLC,560 Merrimac Ave,,Middletown,DE,19709-4652,US,7-24-2017,,,,
1553992,1561405,PHL1,Amazon.com.dedc LLC,1 Centerpoint Blvd.,Attn: Receiving,New Castle,DE,19720-4172,US,7-24-2017,,,,
8018766,8018774,PHL3,Amazon.com.dedc LLC,1600 Johnson W ay,Attn: Receiving,New Castle,DE,19720-8111,US,7-24-2017,,,,
9902201,,PFL1,Amazon.com.dedc LLC,1001 13th Avenue East,,Bradenton,FL,34208-2656,US,7-24-2017,,,,
9903836,9911316,JAX2,Amazon.com.dedc LLC,12900 Pecan Park Road,,Jacksonville,FL,32218-2432,US,7-24-2017,,,,
8025363,8025371,TPA2,Amazon.com.dedc LLC,1760 County Line Rd.,,Lakeland,FL,33811-1808,US,7-24-2017,,,,
7802501,,MIA6,AmazonFresh LLC,3200 NW 67th Avenue,,Miami,FL,33122,US,7-24-2017,,,,
9904069,,TFL2,Treasure Truck Node,101 NE 23rd Street,,Miami,FL,33137,US,7-24-2017,,,,
9905146,,CFL1,Amazon.com.dedc LLC,4225 East Plaza Drive,Suite E,Orlando,FL,32816,US,7-24-2017,,,,
7800290,,XUSF,Amazon.com.dedc LLC,901 West Landstreet Road,Suite C,Orlando,FL,32824,US,7-24-2017,,,,
9905065,,MCO6,Amazon.com.dedc LLC,800 ARLINGTON BLVD,,SWEDESBORO,NJ,08085-2594,US,7-24-2017,,,,
9904042,,TFL4,Treasure Truck Node,7469 Kingspointe Parkway,Suite 200,ORLANDO,FL,32819,US,7-24-2017,,,,
8025347,8025355,TPA1,Amazon.com.dedc LLC,3350 Laurel Ridge Ave,,Ruskin,FL,33570-5526,US,7-24-2017,,,,
7801815,,UFL3,Amazon.com.dedc LLC,4430 East Adamo DR,Suite 305,Tampa,FL,33605-5933,US,7-24-2017,,,,
9904050,,TFL3,Treasure Truck Node,4430 E ADAMO DR,STE 305,Tampa,FL,33605,US,7-24-2017,,,,
9904441,,GAT1,Amazon.com.dedc LLC,86 5th St NW,,Atlanta,GA,30308,US,7-24-2017,,,,
9902112,9918000,PGA1,Amazon.com.dedc LLC,429 Toy Wright Rd,,Jefferson,GA,30549-1614,US,7-24-2017,,,,
990414X,,TJA2,Treasure Truck Node,2302 MARIETTA BLVD NW,,Atlanta,GA,30318,US,7-24-2017,,,,
9904204,,VUGH,Amazon Nestle Vendor Flex CA,7875 White Road,,Austell,GA,30168,US,7-24-2017,,,,
9902104,,MGE1,Amazon.com.dedc LLC,650 Broadway Avenue,,Braselton,GA,30517-3002,US,7-24-2017,,,,
9901760,,ATL9,AmazonFresh LLC,2232 Northmont Parkway,,Duluth,GA,30096,US,7-24-2017,,,,
8032254,,VUKG,Amazon.com.dedc LLC,3201 Centre Parkway,,East Point,GA,30344,US,7-24-2017,,,,
8029040,8029059,SAV1,Savannah 3PL Import Crossdock,Georgia Ports Authority,Garden City Terminal, Building CFS #2,Garden City,GA,31408,US,7-24-2017,,,
9904689,991806X,MGE3,Amazon.com.dedc LLC,808 Hog Mountain Road,,Jefferson,GA,30549-2010,US,7-24-2017,,,,
7801785,,UGA3,Amazon.com.dedc LLC,2160 Breckinridge Blvd,Suite 100,Lawrenceville,GA,30043-5596,US,7-24-2017,,,,
7801521,780153X,ATL8,Amazon.com.dedc LLC,2201 Thornton Road,,Lithia Springs,GA,30122-3895,US,7-24-2017,,,,
7802587,,VUOJ,Amazon.com.dedc LLC,490 Westridge Parkway,Suite 500,McDonough,GA,30253,US,7-24-2017,,,,
7802471,,VUPN,Amazon.com.dedc LLC,340 Westridge Parkway,,McDonough,GA,30253,US,7-24-2017,,,,
9905472,,VUTE,Golden State FC LLC,1020 SH Morgan Pkwy,,Pooler,GA,31322,US,7-24-2017,,,,
7801254,7801238,ATL7,Amazon.com.dedc LLC,6855 Shannon Pkwy,,Union City,GA,30291-2091,US,7-24-2017,,,,
7802099,,VUPK,Amazon.com.dedc LLC,6720 Oakley Industrial Blvd,,Union City,GA,30291,US,7-24-2017,,,,
9905103,,MDW9,Amazon.com.dedc LLC,2865 Duke parkway,,Aurora,IL,60502-8200,US,7-24-2017,,,,
9905537,,XUSN,Amazon Fulfillment Services,4200 Ferry Rd,,Aurora,IL,60502,US,7-24-2017,,,,
9904360,,CMI1,Amazon.com.dedc LLC,809S Wright Street,Illini Union Bookstore,Champaign,IL,61820,US,7-24-2017,,,,
990512X,,CHI3,Amazon.com.dedc LLC,2728 N Clark Street,,Chicago,IL,60614,US,7-24-2017,,,,
7801998,,HIL1,Amazon.com.dedc LLC,1111 Cherry Street,,Chicago,IL,60642-4204,US,7-24-2017,,,,
9902058,,HIL2,Amazon.com.dedc LLC,1111 N Cherry Ave,,Chicago,IL,60642-4204,US,7-24-2017,,,,
9904425,,CHI1,Amazon.com.dedc LLC,750 S Halsted St,Student Center East, #214,Chicago,IL,60607,US,7-24-2017,,,
9903550,,TIL1,Treasure Truck Node,1111 N Cherry Ave,,Chicago,IL,60642,US,7-24-2017,,,,
7801971,780198X,STL4,Amazon.com.dedc LLC,3050 Gateway Commerce Center DR S,,Edwardsville,IL,62025-2815,US,7-24-2017,,,,
7802250,7802269,STL6,Amazon.com.dedc LLC,3931 Lakeview Corporate Drive,,Edwardsville,IL,62025-2801,US,7-24-2017,,,,
7802315,7802323,STL7,Amazon.com.dedc LLC,3931 Lakeview Corporate Drive,,Edwardsville,IL,62025-2802,US,7-24-2017,,,,
9904239,,VUPS,Amazon.com.dedc LLC,3049 Westway Drive,,Edwardsville,IL,62025,US,7-24-2017,,,,
7802617,,VUOK,Amazon.com.dedc LLC,21837 W. Mississippi Ave,,Elwood,IL,60421,US,7-24-2017,,,,
9903771,,XIX1,Amazon.com.dedc LLC,18 APPLEGATE DR,,ROBBINSVILLE,NJ,08691-2342,US,7-24-2017,,,,
7801181,780122X,MDW2,Amazon.com.dedc LLC,250 Emerald Drive,,Joliet,IL,60433-3280,US,7-24-2017,,,,
7802463,9913084,MDW4,Amazon.com.dedc LLC,201 EMERALD DR,,JOLIET,IL,60433-3281,US,7-24-2017,,,,
9905081,9919937,PIL1,Amazon.com.dedc LLC,1615 COMMERCE PKWY N,,HORN LAKE,MS,38637-2313,US,7-24-2017,,,,
9903844,9911324,MDW7,Amazon.com.dedc LLC,6605 Monee Manhattan Road,,Monee,IL,60449-8316,US,7-24-2017,,,,
9902244,,MDW6,Amazon.com.dedc LLC,1125 W REMINGTON BLVD,,ROMEOVILLE,IL,60446-6529,US,7-24-2017,,,,
9903852,,MDW8,Amazon.com.dedc LLC,1750 Bridge Drive,,Waukegan,IL,60085,US,7-24-2017,,,,
7802218,7802226,ORD6,AmazonFresh LLC,1250 N Mittel Blvd,,Wood Dale,IL,60191,US,7-24-2017,,,,
7801157,7801122,IND7,Amazon.com.indc LLC,9101 Orly Drive,,Indianapolis,IN,46241-9605,US,7-24-2017,,,,
8020027,8020035,IND4,Amazon.com.indc LLC,710 S. Girls School Rd,,Indianapolis,IN,46231-1132,US,7-24-2017,,,,
9904034,,TIN1,Treasure Truck Node,710 S. Girls School Road,,Indianapolis,IN,46231,US,7-24-2017,,,,
8021783,,SDF8,Amazon.com.indc LLC,900 Patrol Rd,,Jeffersonville,IN,47130-7716,US,7-24-2017,,,,
8014531,,IND2,Amazon.com.indc LLC,715 Airtech Pkwy,,Plainfield,IN,46168-7442,US,7-24-2017,,,,
8016763,,IND3,Amazon.com.indc LLC,715 Airtech Parkway Suite 195,,Plainfield,IN,46032,US,7-24-2017,,,,
7608896,760890X,IND5,Amazon.com.indc LLC,800 Perry Road,,Plainfield,IN,46168-7637,US,7-24-2017,,,,
990428X,,PUR1,Amazon.com.dedc LLC,1198 Third Street,Krach Leadership Center Room 169,West Lafayette,IN,47907,US,7-24-2017,,,,
7606222,8013969,IND1,Amazon.com.indc LLC,4255 Anson Blvd,,Whitestown,IN,46075-4412,US,7-24-2017,,,,
7800053,,XUSE,Amazon.com.indc LLC,5490 Industrial Court,Suite 300,Whitestown,IN,46075,US,7-24-2017,,,,
6317545,6317553,TUL1,Amazon.com.kydc LLC,2654 North Highway 169,Attn: Receiving,Coffeyville,KS,67337-9254,US,7-24-2017,,,,
7801955,7801963,MKC4,Amazon.com.kydc LLC,19645 Waverly Rd,,Edgerton,KS,66021-9588,US,7-24-2017,,,,
9902449,,XUSK,Amazon Fulfillment Services,31450 W 196th St.,,Edgerton,KS,66021,US,7-24-2017,,,,
9902805,,MCI7,Amazon.com.kydc LLC,27200 W157th St,,New Century,KS,66031,US,7-24-2017,,,,
631757X,6317588,SDF1,Amazon.com.kydc LLC,1050 South Columbia,Attn: Receiving,Campbellsville,KY,42718-2454,US,7-24-2017,,,,
7800541,,CVG8,Amazon.com.kydc LLC,7968 Kentucky Drive,Suites 2-3,Florence,KY,41042,US,7-24-2017,,,,
9905480,,IVSB,IVSA,3521 Point Pleasant Rd,,Hebron,KY,41048,US,7-24-2017,,,,
7800894,,PICV,Amazon.com.kydc LLC,911 Trey Street,,Jeffersonville,KY,47130,US,7-24-2017,,,,
9904646,,SUAA,Seller Flex - Teespring - Hebron KY,1201 Aviation Blvd,,Hebron,KY,41048,US,7-24-2017,,,,
8025150,,CVG7,Amazon.com.kydc LLC,2285 Litton Lane,,Hebron,KY,41048-8435,US,7-24-2017,,,,
800966X,,CVG2,Amazon.com.kydc LLC,1600 Worldwide Blvd.,,Hebron,KY,41048-8640,US,7-24-2017,,,,
801101X,7605722,CVG3,Amazon.com.kydc LLC,3680 Langley Dr ?,Suite 100,Hebron,KY,41048-9135,US,7-24-2017,,,,
8001782,,CVG1,Amazon.com.kydc LLC,1155 Worldwide Blvd.,Bldg. F Park W Intl.,Hebron,KY,41048-8640,US,7-24-2017,,,,
1798316,,LEX2,Amazon.com.kydc LLC,172 Trade St.,,Lexington,KY,40511-2607,US,7-24-2017,,,,
6317480,6317499,LEX1,Amazon.com.kydc LLC,1850 Mercer Drive,Attn: Receiving,Lexington,KY,40511-1013,US,7-24-2017,,,,
8012903,,SDF2,Amazon.com.kydc LLC,4360 Robards Ln,Attn: Receiving,Louisville,KY,40218-4512,US,7-24-2017,,,,
8025290,8025282,SDF9,Amazon.com.kydc LLC,100 W. Thomas P. Echols Lane,STE 4,Shepherdsville,KY,40165,US,7-24-2017,,,,
8019800,8019819,SDF6,Amazon.com.kydc LLC,100 W. Thomas P. Echols Lane,,Shepherdsville,KY,40165-8505,US,7-24-2017,,,,
8019827,8019835,SDF4,Amazon.com.kydc LLC,376 Zappos.com Blvd,,Shepherdsville,KY,40165-8556,US,7-24-2017,,,,
9904417,,MAS1,Amazon.com.dedc LLC,1 Campus Center Way,220 Campus Center,Amherst,MA,1003,US,7-24-2017,,,,
9904026,,TMA3,Treasure Truck Node,30 Northampton Street,,Boston,MA,2118,US,7-24-2017,,,,
9903607,,UMA3,Amazon.com.dedc LLC,30 Northampton Street,,Boston,MA,2118,US,7-24-2017,,,,
9904352,,BOS8,Amazon.com.kydc LLC,870 Commonwealth Ave,,Brookline,MA,2215,US,7-24-2017,,,,
7801041,780105X,BOS6,Amazon.com.kydc LLC,201 Beacham St,,Everett,MA,02149-5518,US,7-24-2017,,,,
7802293,7802307,BOS7,Amazon.com.kydc LLC,1180 Innovation Way,,Fall River,MA,2722,US,7-24-2017,,,,
9902422,,XUSL,Amazon.com.kydc LLC,610 Chelsea Rd,,Aberdeen,MD,21001,US,7-24-2017,,,,
9902619,,XUSM,Amazon.com.dedc LLC,610 Chelsea Road,,Aberdeen,MD,21001,US,7-24-2017,,,,
8025320,8025339,BWI2,Amazon.com.dedc LLC,2010 Broening Hwy.,,Baltimore,MD,21224,US,7-24-2017,,,,
9904018,,TMD1,Treasure Truck Node,5617 Industrial Dr,,Springfield,VA,22151,US,7-24-2017,,,,
9904727,,MDT2,Amazon.com.dedc LLC,600 Principio Parkway West,,North East,MD,21901,US,7-24-2017,,,,
9905294,,UMI2,Amazon.com.dedc LLC,999 Chicago Road,,Troy,MI,48083,US,7-24-2017,,,,
9904468,,MIN1,AmazonFresh LLC,311 SE Harvard Street,,Minneapolis,MN,55414,US,7-24-2017,,,,
9903925,,TMN1,Treasure Truck Node,763 Kasota Ave,,Minneapolis,MN,55414,US,7-24-2017,,,,
7802579,7802625,MSP1,Amazon.com.nvdc LLC,2601 4th Avenue East,,Shakopee,MN,55379,US,7-24-2017,,,,
9905561,,VUPU,Amazon.com.dedc LLC,14916 STATE HIGHWAY 177,Building 1,Jackson,MO,63755,US,7-24-2017,,,,
990218X,990462X,CLT2,Amazon.com.dedc LLC,10240 Old Dowd Rd,,Charlotte,NC,28214-8082,US,7-24-2017,,,,
9905219,,XLBA,Amazon.com.dedc LLC,1123 4th ST SW,,Conover,NC,28613,US,7-24-2017,,,,
8016887,,LAS2,Amazon.com.nvdc LLC,3837 Bay Lake Trail,Attn: Receiving Suite 111,North Las Vegas,NC,89030-4428,US,7-24-2017,,,,
8026661,,EWR7,Amazon.com.dedc LLC,275 Omar Ave,,Avenel,NJ,7001,US,7-24-2017,,,,
7801548,7801556,LGA6,Amazon.com.dedc LLC,8003 Industrial Avenue,,Cartaret,NJ,07008-3529,US,7-24-2017,,,,
7801173,7801149,EWR9,Amazon.com.dedc LLC,8003 Industrial Parkway,,Carteret,NJ,07008-3529,US,7-24-2017,,,,
7802196,780220X,LGA7,Amazon.com.dedc LLC,380 Middlesex Avenue,,Carteret,NJ,7008,US,7-24-2017,,,,
7802277,7802285,LGA8,Amazon.com.dedc LLC,380 Middlesex Avenue,,Carteret,NJ,7008,US,7-24-2017,,,,
9905049,,TEB6,Amazon.com.dedc LLC,22 Hightstown Cranbury State Road,,Cranbury,NJ,8512,US,7-24-2017,,,,
9904735,9911367,LGA9,Amazon.com.dedc LLC,2170 Route 27,,Edison,NJ,8817,US,7-24-2017,,,,
7802552,9904611,ABE8,Amazon.com.dedc LLC,401 Independence Road,,Florence,NJ,8518,US,7-24-2017,,,,
9904670,,HNJ2,Amazon.com.nvdc LLC,13905 Crayton Blvd,,Hagerstown,MD,21742,US,7-24-2017,,,,
7609744,7609736,EWR4,Amazon.com.dedc LLC,50 New Canton Way,,Robbinsville,NJ,08691-2350,US,7-24-2017,,,,
9905324,,VUKI,Amazon.com.dedc LLC,400 Arlington Blvd,,Swedesboro,NJ,8085,US,7-24-2017,,,,
1566008,1565982,RNO1,Amazon.com.nvdc LLC,1600 East Newlands Drive,Attn: Receiving,Fernley,NV,89408-8903,US,7-24-2017,,,,
9904700,,RNO3,Amazon.com.kydc LLC,555 Milan Drive,,McCarran,NV,89434,US,7-24-2017,,,,
780055X,7800568,RNO4,Amazon.com.nvdc LLC,8000 North Virginia Street,Attn: Receiving,Reno,NV,89506,US,7-24-2017,,,,
9903917,,TNY1,Treasure Truck Node,850 3rd Ave.,,Brooklyn,NY,11232,US,7-24-2017,,,,
9903909,,TNYA,Treasure Truck Node,850 3rd Ave,,Brooklyn,NY,11232,US,7-24-2017,,,,
9904379,,SBU1,Amazon.com.dedc LLC,Toll Drive N,Frank Melville Jr. Library, Room E0319,Stony Brook,NY,11794,US,7-24-2017,,,
990445X,,CAK1,Amazon.com.dedc LLC,290 E Exchange Street,,Akron,OH,44304,US,7-24-2017,,,,
990381X,,CLE6,Amazon.com.kydc LLC,23371 Aurora Road,,Bedford Heights,OH,44146,US,7-24-2017,,,,
9904433,,CIN1,Amazon.com.dedc LLC,241 Calhoun St,,Cincinnati,OH,45219,US,7-24-2017,,,,
9904336,,CLE1,Amazon.com.kydc LLC,2020 Euclid Ave,,Cleveland,OH,44115,US,7-24-2017,,,,
9904301,,OSU1,Amazon.com.dedc LLC,2114 N. High Street,,Columbus,OH,43201,US,7-24-2017,,,,
7801769,,UOH2,Amazon.com.dedc LLC,3563 Interchange Rd,,Columbus,OH,43204,US,7-24-2017,,,,
7802234,7802242,CMH1,Amazon.com.dedc LLC,11999 National Road SW,,Etna,OH,43062,US,7-24-2017,,,,
7802544,,CMH2,Amazon.com.dedc LLC,6050 Gateway Court,,Groveport,OH,43125-9016,US,7-24-2017,,,,
9904476,,POR1,Amazon.com.dedc LLC,1131 SW Jefferson Street,,Portland,OR,97201,US,7-24-2017,,,,
9904190,,VUOL,Amazon.com.dedc LLC,14005 North Lombard,,Portland,OR,97203,US,7-24-2017,,,,
9903895,,TOR1,Treasure Truck Node,2250 NW 22nd Ave,,Portland,OR,97210,US,7-24-2017,,,,
9905022,,VUGJ,Amazon Nestle Vendor Flex CA,4275 Fritch Dr,,Bethlehem,PA,18020,US,7-24-2017,,,,
8019150,8019169,ABE3,Amazon.com.dedc LLC,650 Boulder Drive,Attn: Receiving,Breinigsville,PA,18031-1536,US,7-24-2017,,,,
7607814,7607806,ABE2,Amazon.com.dedc LLC,705 Boulder Drive,Attn: Receiving,Breinigsville,PA,18031-1533,US,7-24-2017,,,,
780007X,,XUSC,Amazon.com.dedc LLC,40 Logistics Dr,,Carlisle,PA,17013-7901,US,7-24-2017,,,,
8026750,8026769,MDT1,Amazon.com.dedc LLC,2 Ames Drive,,Carlisle,PA,17015,US,7-24-2017,,,,
8018154,8018162,PHL6,Amazon.com.dedc LLC,675 Allen Rd.,Attn: Receiving,Carlisle,PA,17015-7788,US,7-24-2017,,,,
8001774,,PHL4,Amazon.com.dedc LLC,21 Roadway Dr,,Carlisle,PA,17015-8806,US,7-24-2017,,,,
7801912,7801920,ABE4,Amazon.com.dedc LLC,1610 Van Buren Road,,Easton,PA,18045,US,7-24-2017,,,,
7801203,7801211,AVP3,Amazon.com.dedc LLC,298 1st Ave,,Gouldsboro,PA,18424-9492,US,7-24-2017,,,,
9904662,,ABE9,Amazon.com.kydc LLC,100 Quality Circle,Suite 106,Harrisburg,PA,17112,US,7-24-2017,,,,
7802595,,ABE5,Amazon.com.kydc LLC,2455 Boulevard of the Generals,,Norristown,PA,19403,US,7-24-2017,,,,
8013861,7606427,AVP1,Amazon.com.dedc LLC,550 Oak Ridge Road,,Hazleton,PA,18202-9361,US,7-24-2017,,,,
8025614,,XUSG,Amazon.com.kydc LLC,9645 West Hills Court,,Kutztown,PA,19530,US,7-24-2017,,,,
8002983,,PHL5,Amazon.com.dedc LLC,500 McCarthy Dr.,Fairview Business Park,Lewisberry,PA,17339-8725,US,7-24-2017,,,,
9902171,,PPA1,Amazon.com.dedc LLC,545 Oak Hill Road,,Mountaintop,PA,18707-2141,US,7-24-2017,,,,
9904484,,PEN1,Amazon.com.dedc LLC,3800 Locust Walk,Class of 1920 Commons,Philadelphia,PA,19104,US,7-24-2017,,,,
9903887,,TPAA,Amazon.com.dedc LLC,4101 Sansom St,,Philadelphia,PA,19104,US,7-24-2017,,,,
9902120,,AVP8,Amazon.com.dedc LLC,250 Enterprise Way,,Pittston,PA,18640-5000,US,7-24-2017,,,,
9902279,,VAVP,Amazon.com.dedc LLC,250 Enterprise Way,,Pittston,PA,18640-5000,US,7-24-2017,,,,
7801246,7801114,AVP6,Penguin Group Inc,1 Commerce Rd,,Pittston,PA,18640-9509,US,7-24-2017,,,,
7801858,,VUGP,Amazon Nestle Vendor Flex CA,234 Walnut Bottom Road,,Shippensburg,PA,17257,US,7-24-2017,,,,
9905197,,VUPH,Amazon.com.dedc LLC,9300 Olde Scotland Road,,Shippensburg,PA,17257,US,7-24-2017,,,,
9905154,,SCE1,Amazon.com.dedc LLC,134 South Allen St,,State College,PA,16801,US,7-24-2017,,,,
7800924,,VUGA,Amazon Nestle Vendor Flex CA,508 Delaware Ave,,West Pittston,PA,18643,US,7-24-2017,,,,
8021694,,GSP1,Amazon.com.dedc LLC,402 John Dodd Rd,,Spartanburg,SC,29303-6312,US,7-24-2017,,,,
9903615,,CAE3,NFI 3PL Perris, CA,222 Old Wire Road,,West Columbia,SC,29172,US,7-24-2017,,,
7608853,7608861,CAE1,Amazon.com.dedc LLC,4400 12TH Street Extension,,West Columbia,SC,29172-3300,US,7-24-2017,,,,
8020345,8020353,CHA2,Amazon.com.dedc LLC,225 Infinity Dr NW,Attn: Receiving,Charleston,TN,37310-1400,US,7-24-2017,,,,
8020361,802037X,CHA1,Amazon.com.dedc LLC,7200 Discovery Drive,Attn: Receiving,Chattanooga,TN,37416-1757,US,7-24-2017,,,,
7608993,7609000,BNA1,Amazon.com.dedc LLC,14840 Central Pike,Suite 190,Lebanon,TN,37090-8119,US,7-24-2017,,,,
8021554,,BNA2,Amazon.com.dedc LLC,500 Duke Dr,,Lebanon,TN,37090-8123,US,7-24-2017,,,,
8021708,8021716,BNA3,Amazon.com.dedc LLC,2020 Joe B Jackson Pkwy,,Murfreesboro,TN,37127-7792,US,7-24-2017,,,,
9904182,,TTNA,Treasure Truck Node,410 Harding Industrial Dr.,,Nashville,TN,37211,US,7-24-2017,,,,
9904387,,TEX1,Amazon.com.dedc LLC,2101 Speedway,Gregory Gym,Austin,TX,78712,US,7-24-2017,,,,
9903666,,TTX2,Treasure Truck Node,4616 W Howard Lane., Bldg 7,Suite 750,Austin,TX,78728,US,7-24-2017,,,
9902988,,UTX8,Amazon.com.kydc LLC,4825 Eisenhauer Rd,Building , Suite 730,San Antonio,TX,78218,US,7-24-2017,,,
7609809,7609795,DFW6,Amazon.com.kydc LLC,940 W Bethel Road,,Coppell,TX,75019-4424,US,7-24-2017,,,,
9903569,,TTX4,Treasure Truck Node,6627 Maple Avenue,,Dallas,TX,75235,US,7-24-2017,,,,
7801130,7801165,FTW1,Amazon.com.kydc LLC,33333 LBJ Freeway,,Dallas,TX,75241-7203,US,7-24-2017,,,,
7802528,,VUPO,Amazon.com.dedc LLC,4808 Mountain Creek Parkway,,Dallas,TX,75236,US,7-24-2017,,,,
7801866,,FTW2,Amazon.com.kydc LLC,2701 West Bethel Road,,Dallas,TX,75261,US,7-24-2017,,,,
8002657,,DFW1,Amazon.com.kydc LLC,2700 Regent Blvd,,DFW Airport,TX,75261,US,7-24-2017,,,,
7802358,7802366,DAL6,AmazonFresh LLC,4601 Gold Spike,,Fort Worth,TX,76106,US,7-24-2017,,,,
7801939,7801947,FTW3,Amazon.com.kydc LLC,15201 Heritage Pkwy,,Fort Worth,TX,76177-2517,US,7-24-2017,,,,
7609906,,XUSB,Amazon.com.kydc LLC,14900 Frye Rd,,Fort Worth,TX,76155,US,7-24-2017,,,,
7609825,7609817,DFW7,Amazon.com.kydc LLC,700 Westport Parkway,,Fort Worth,TX,76177-4513,US,7-24-2017,,,,
9905057,,IAH6,AmazonFresh LLC,8401 Fallbrook Drive,,Houston,TX,77064,US,7-24-2017,,,,
9903577,,TTX3,Treasure Truck Node,4221 Way Out West Drive,Suite 200,Houston,TX,77092,US,7-24-2017,,,,
7802021,,HTX1,Amazon.com.kydc LLC,1 World Way,,Los Angeles,CA,90045,US,7-24-2017,,,,
7802560,,HTX2,Amazon.com.kydc LLC,4221 Way Out West Drive,Suite 200,Houston,TX,77092-1455,US,7-24-2017,,,,
9903356,9903399,HOU2,Amazon.com.dedc LLC,10550 Ella Boulevard,,Houston,TX,77038-2324,US,7-24-2017,,,,
7802102,,DFW9,Amazon.com.kydc LLC,2700 Regent Blvd,,DFW Airport,TX,75261-4405,US,7-24-2017,,,,
9902198,,PTX1,Amazon.com.kydc LLC,2101 Danieldale Road,,Lancaster,TX,75134-1551,US,7-24-2017,,,,
990431X,,LBB1,Amazon.com.dedc LLC,2407 9th Street,Suite 400,Lubbock,TX,79401,US,7-24-2017,,,,
9903755,,TTX5,Treasure Truck Node,4848 Perrin Creek 680,,San Antonio,TX,78217,US,7-24-2017,,,,
7802498,9911359,SAT2,Amazon.com.kydc LLC,1401 E McCarty Lane,,San Marcos,TX,78666-8969,US,7-24-2017,,,,
7609787,7609779,SAT1,Amazon.com.kydc LLC,6000 Enterprise Avenue,,Schertz,TX,78154-1461,US,7-24-2017,,,,
7802080,,VUPJ,Amazon.com.dedc LLC,100 Mars Road,,Wilmer,TX,75172,US,7-24-2017,,,,
8029083,8029091,ORF1,Norfolk 3PL Import Crossdock,3516 South Military Hwy.,,Chesapeake,VA,23323,US,7-24-2017,,,,
8021724,8021732,RIC2,Amazon.com.kydc LLC,1901 Meadowville Technology Pkwy,,Chester,VA,23836-2841,US,7-24-2017,,,,
8021686,,RIC1,Amazon.com.kydc LLC,5000 Commerce Way,,Petersburg,VA,23803-6917,US,7-24-2017,,,,
7801068,7801076,BWI6,Amazon.com.dedc LLC,5617 Industrial Drive,,Springfield,VA,22151-4410,US,7-24-2017,,,,
7801777,,UTX4,Amazon.com.kydc LLC,6627 Maple Avenue,,Dallas,TX,75235-4622,US,7-24-2017,,,,
8016895,,SEA8,AmazonFresh LLC,1227 124th Ave NE,Building 2,Bellevue,WA,98004,US,7-24-2017,,,,
7609728,760971X,BFI3,Amazon.com.dedc LLC,2700 Center Drive,,DuPont,WA,98327-9607,US,7-24-2017,,,,
9903232,,BFI6,Amazon.com.dedc LLC,20202, 84th Avenue South,,Kent,WA,98032,US,7-24-2017,,,
9904719,,HWA3,Amazon.com.dedc LLC,20202 84th AVE S,,Kent,WA,98032,US,7-24-2017,,,,
9904212,,ISE5,Amazon.com.dedc LLC,20202 84th Ave South,,Kent,WA,98032,US,7-24-2017,,,,
7802536,,VUPM,Amazon.com.dedc LLC,1205 Wharf Road,,DuPont,WA,98327,US,7-24-2017,,,,
8026645,8026653,BFI4,Amazon.com.dedc LLC,21005 64th Ave S,,Kent,WA,98032-2423,US,7-24-2017,,,,
7802447,,HWA1,Amazon.com.dedc LLC,11710 118th Ave NE,Building B,Kirkland,WA,98034-7110,US,7-24-2017,,,,
9902066,,HWA2,Prime Now LLC,20529 24th Ave S,,SeaTac,WA,98198-5503,US,7-24-2017,,,,
9903240,,TWA0,Treasure Truck Node,13537 Aurora Ave N,,Seattle,WA,98133,US,7-24-2017,,,,
9902708,,FSE2,Amazon.com.dedc LLC,5100 15th Ave NW,,Seattle,WA,98107,US,7-24-2017,,,,
9902694,,FSE3,Amazon.com.dedc LLC,76 South Lander Street,,Seattle,WA,98134,US,7-24-2017,,,,
801826X,,SEA6,Amazon.com.dedc LLC,2646 Rainier Ave. South,,Seattle,WA,98144,US,7-24-2017,,,,
802023X,8020248,BFI1,Amazon.com.dedc LLC,1800 140th Avenue E.,,Sumner,WA,98390-9624,US,7-24-2017,,,,
8026637,,BFIX,Amazon.com.dedc LLC,1800 140th Ave E,Suite XB,Sumner,WA,98390-9624,US,7-24-2017,,,,
9902163,,PWA1,Amazon.com.dedc LLC,1800 140TH AVE E,,SUMNER,WA,98390-9624,US,7-24-2017,,,,
802538X,8025398,MKE1,Amazon.com.dedc LLC,3501 120th Ave,,Kenosha,WI,53144-7502,US,7-24-2017,,,,
9903364,9903402,BFI7,Amazon.com.dedc LLC,1901 140th Ave E,,Sumner,WA,98390,US,08-07-2017,,,,
9903380,9903429,MKC6,Amazon.com.ksdc LLC,6925 Riverview Avenue,,Kansas City,KS,66102,US,08-08-2017,,,,
990574X,9906657,XBC1,NFI 3PL CHINO II: (746)/ (XBC1),15750 Mountain Avenue,,Chino,CA,91708,US,08-11-2017,,,,
9906053,,VUBJ,VUBJ - Mattel San Bern CA,1456 Harry Shepard Blvd,,San Bernardino,CA,92408,US,08-11-2017,,,,
9906193,,SUBT,SUBT - Tend Skin,6033 N Sheridan Rd, Ste S6,,Chicago,IL,60660,US,08-11-2017,,,
990607X,,XLAB,Innovel Romeoville DDC,1701 W Normantown Rd,,Romeoville,IL,60446,US,08-11-2017,,,,
9906134,,PIN1,PIN1 - Indianapolis,5510 EXPLORATION DR,,Indianapolis,IN,46241-9007,US,08-11-2017,,,,
9906045,,VUPV,VUPV - RB MO,2001 Premier Pkwy,,Saint Peters,MO,63376,US,08-11-2017,,,,
9906169,,SUHA,SUBC - Gilden Tree,9203 J Street,,Omaha,NE,68127,US,08-11-2017,,,,
9906185,,SUBD,AZ Texts LLC (SUBD),81 Christopher St,,Staten Island,NY,10303,US,08-11-2017,,,,
9906150,,FTW7,FTW7 - Coppell,944 W Sandy Lake Rd,,Coppell,TX,75019-3989,US,08-11-2017,,,,
9906142,9918957,FTW8,FTW8 - Dallas,3351 Balmorhea Dr.,,Dallas,TX,75241-7304,US,08-11-2017,,,,
9906126,,VUBI,VUBI - Mattel Forth Worth,501 Meacham Blvd,,Fort Worth,TX,76106,US,08-11-2017,,,,
9906177,,SUPA,SUPA - Big Dot of Happiness,412 Technology Drive E.,,Menomonie,WI,54571,US,08-11-2017,,,,
9906754,,XLAG,Innovel STOCKTON - DDC,2115 S Sinclair Ave,,Stockton,CA,95215,US,10-11-2017,,,,
9906738,,XLAH,Innovel PENDERGRASS - DDC,580 Raco Pkwy,,Pendergrass,GA,30567,US,10-11-2017,,,,
9906746,,XLAE,Innovel COLUMBUS - DDC,5330 Crosswind Dr,,Columbus,OH,43228,US,10-11-2017,,,,
9906789,,XLAJ,Innovel OLIVE BRANCH/MEMPHIS-DDC,10425 RIDGEWOOD DR,,OLIVE BRANCH,MS,38654,US,10-11-2017,,,,
9906770,,XLAF,Innovel DALLAS - DDC,1600 Roe St,,Dallas,TX,75215,US,10-11-2017,,,,
9906762,,XLAI,Innovel KENT - DDC,7650 S 228th St,,Kent,WA,98032,US,10-11-2017,,,,
990672X,,SULD,Net Health Shops, LLC d.b.a. Serenity Health - SULD,2020 Prairie Ln,Suite 101,Eau Claire,WI,54703,US,10-11-2017,,,
1367366,,SMSA,SMSA - Stylo Zapaterias,San Andr�s Atoto 21B col. San Esteban,,Naucalpan,,53550,MX -Mexico,10-12-2017,,,,
1367374,,SMOA,SMOA - PEDIDOSCOM,Av. Jesus Reyes Heroles 69, col. San Juan Ixtacala,,Tlalnepantla,,54160,MX -Mexico,10-12-2017,,,
9906886,,SUAK,Glorycycling International Inc,1170 Centre Drive,SUITE A,Walnut,CA,91789,US,11-04-2017,,,,
9906878,,XLAK,Innovel DENVER - LSC,18875 E BROMLEY LN,SUITE A,BRIGHTON,CO,80601,US,11-04-2017,,,,
990686X,,VFSN,VFSN - Spartan Nash Fresh Flex,7401 F ST,,OMAHA,NE,68127,US,11-04-2017,,,,
9906894,,SUPB,SUPB- Big Dot of Happiness,412 Technology Drive E.,,Menomonie,WI,54751,US,11-04-2017,,,,
9906932,,SUAC,SUAC- Webzom,100 S Wineville Ave,,Ontario,CA,91761,US,11-07-2017,,,,
9906940,,SUEB,SUEB- Spy Tec,135 West 36th Street FL 13,,New York,NY,10018,US,11-07-2017,,,,
9907009,,SUDA,SUDA - DragonMarts,8179 Dixie Hwy,Suite 200,Florence,KY,41042,US,11-09-2017,,,,
9906991,,SULC,SULC - Seven Times Six,1345 Taylor Farms Road,Suite 112,Virginia Beach,VA,23453,US,11-09-2017,,,,
9907130,,SUAW,SUAW- VRMI/Swiftpart,8870 Boggy Creek Rd,,Orlando,FL,32824,US,11-21-2017,,,,
9907122,,SULE,SULE- Innova Supply,100 Solutions Parkway,,Thomaston,GA,30286,US,11-21-2017,,,,
9904409,,Mar-01,Mar-01,4200 Guilford Dr, Suite B1,,College Park,MD,20740,US,11-22-2017,,,
9907181,,SUHC,SUHC- Avalanche Brands,18 Dixon St,,Selbyville,DE,19975,US,12-01-2017,,,,
9907211,,SUGD,SUGD- BW Skin Care Inc,6033 N Sheridan Rd,,Chicago,IL,60660,US,12-01-2017,,,,
990719X,,SUAD,SUAD- Dreem Co.,2533 ROYAL LN STE 505,,Dallas,TX,75229,US,12-01-2017,,,,
9907203,,SUED,SUED- Huppins,229 N Ella Rd,,Spokane Valley,WA,99212,US,12-01-2017,,,,
990736X,,SUHD,SUHD - Hinson Motorsports,4675 Appaloosa Drive,,Irondale,AL,35210,US,12-12-2017,,,,
9907351,,VUVB,VUVB - Microsoft VF CA,2053 East Jay St,,Ontario,CA,91764,US,12-12-2017,,,,
9907297,,VUPX,VUPX - Clorox VF CA,2300 W San Bernardino Ave,,Redlands,CA,92374,US,12-12-2017,,,,
9907300,,VUPY,VUPY - Colgate VF GA,2501 Rockhouse Road,,Lithia Springs,GA,30122,US,12-12-2017,,,,
9907378,,VUQD,VUQD - Mead Johnson VF IN,3101 IN-62,,Mt Vernon,IN,47620,US,12-12-2017,,,,
9907343,,VUVC,VUVC - Microsoft VF KY,2500 Export Dr,Door 1,Louisville,KY,40219,US,12-12-2017,,,,
9907289,,VUME,VUME - Drive Medical VF NJ,200 Docks Corner Road,Suite 241,South Brunswick,NJ,8810,US,12-12-2017,,,,
9907335,,SUGC,SUGC - Driftaway LLC,175 Van Dyke St.,,Brooklyn,NY,11231-1079,US,12-12-2017,,,,
9907319,,VUQC,VUQC - Perfume WW VF NY,2020 Ocean Avenue,,Ronkonkoma,NY,11779,US,12-12-2017,,,,
9907327,,VUPZ,VUPZ - Colgate VF TX,4800 Henrietta Creek Rd,,Fort Worth,TX,76177,US,12-12-2017,,,,
9907270,,SULU,SULU- Seven Times Six,582 S 1100 W,,Woods Cross,UT,84087,US,12-12-2017,,,,
9907386,,VUWE,VUWE - Nestle Modesto,736 Garner Rd,,Modesto,CA,95357,US,12-15-2017,,,,
9907394,,VUGM,VUGM - Mondelez PA,597 Alexander Spring Rd.,,Carlisle,PA,17015,US,12-15-2017,,,,
9907408,,SUXA,SUXA- Test Node,345 Boren Ave N,,Seattle,WA,98109,US,12-15-2017,,,,
9907572,,SUAG,SUAG -Nayked Apparel,137 Leo Taylor Ln,,Ball Ground,GA,30107,US,01-05-2018,,,,
9907513,,VUQF,VUQF - J&J IN,2100 Innovation Blvd,,Mooresville,IN,46158,US,01-05-2018,,,,
9907580,,SUHE,SUHE - Persian Rugs,239 Old New Brunswick Road Dock 7&8,,Piscataway,NJ,8854,US,01-05-2018,,,,
9907521,,VUHG,VUHG - Interdesign OH,28625 Fountain Parkway,,Solon,OH,44139,US,01-05-2018,,,,
9907564,,VUGL,VUGL - Pepsi PA,1200 Distribution Drive,,Carlisle,PA,17013,US,01-05-2018,,,,
990753X,,VUQE,VUQE - First Quality PA,69 Green Mountain Road,,Hazleton,PA,18202,US,01-05-2018,,,,
9907556,,SUAH,SUAH - Nayked Apparel,600 Industrial Dr,,Lewisberry,PA,19114,US,01-05-2018,,,,
9907548,,SUOF,SUOF - My Office Innovations,6605 Roxburgh Dr. Suite 400,,Houston,TX,77041,US,01-05-2018,,,,
9907688,,SUXC,SUXC - Amazon Test Site,345 Boren Ave N,,Seattle,WA,98109,US,1-24-2018,,,,
9908749,,SUHQ,SUHQ - ShipIQ,4635 NAUTILUS CT S,STE D,Boulder,CO,80301,US,2-13-2018,,,,
9908714,,SUEJ,SUEJ - Good as New Electronics,9462 Franklin Avenue,,Franklin Park,IL,60131,US,2-13-2018,,,,
9908706,,SUEI,SUEI - OWC,8 GALAXY WAY,,Woodstock,IL,60098,US,2-13-2018,,,,
9908692,,SUEH,SUEH - A1 Components,1760 West Terra Lane,,OFallon,MT,63366,US,2-13-2018,,,,
9908722,,SUHP,SUHP - OxKom,45 Leone Lane,,CHESTER,NY,10918,US,2-13-2018,,,,
9908730,,SUHT,SUHT - GOVERRE,1809 W. Frankford Rd,Suite 160,Carrollton,TX,75007,US,2-13-2018,,,,
9908854,,SUPL,SUPL - BTExpert,587 Apollo St,,Brea,CA,92821,US,2-19-2018,,,,
9908862,,SUPK,SUPK - Prosumer's Choice,9851 Owensmouth Ave,,Chatsworth,CA,91311,US,2-19-2018,,,,
9908846,,SUHW,SUHW - Koyal Wholesale,2325 Raymer Ave,,Fullerton,CA,92833,US,2-19-2018,,,,
9908870,,SUOO,SUOO - GLVSS,16792 Burke Lane,,Huntington Beach,CA,92647,US,2-19-2018,,,,
9908889,,SUON,SUON - Signs Direct,1703 S Veterans Pkwy,,Bloomington,IL,61701,US,2-19-2018,,,,
9908811,,VUKZ,CTDI New Jersey,400 Arlington Blvd,,Logan Township,NJ,8085,US,2-19-2018,,,,
9908838,,SUWB,SUWB - DealFisher,150 Ethel Road West,,Piscataway,NJ,8854,US,2-19-2018,,,,
990882X,,SUAS,SUAS - Nayked Apparel,2800 Corporate Exchange Drive,,Columbus,OH,43231,US,2-19-2018,,,,
9908897,,SUAY,SUAY - Little Family Members,10020 S Gibson Rd,,Molalla,OR,97038,US,2-19-2018,,,,
9908943,,SUSH,SUSH - zeroUV,16792 Burke Lane,,Huntington Beach,CA,92647,US,2-20-2018,,,,
9908919,,SUAX,SUAX - Athens Dodge Chrysler Jeep,394 COMMERCE BLVD,,Athens,GA,30606,US,2-20-2018,,,,
9908927,,SUSI,SUSI - KnifeCountryUSA,7194 Big Sky Drive Suite 5,,Holly,MI,48442,US,2-20-2018,,,,
9908935,,SUTA,SUTA - ToyKingsOnline,4503 Airwest DR SE,,Kentwood,MI,49512,US,2-20-2018,,,,
9908951,,SUOM,SUOM - Marketfair Stationery,1230 Highway 34,,Aberdeen,NJ,7747,US,2-20-2018,,,,
1367420,1367439,MEX3,Servicios Comerciales Amazon Mexico S. de R.L. de C.V.,Amazon MEX3 Prologis Park Grande,Libramiento Norte No. 87 Lote A,Tepotzotlan,Estado de Mexico,54607,MX -Mexico,2-21-2018,,,,
8100705,,XCAB,XCAB DHL 3PL Calgary, AB,1882 118 Avenue NE,,Calgary,AB,T3K 0R1,CA - Canada,2-23-2018,,,
8100713,,XCAC,XCAC DHL 3PL Toronto, ON,9501 Highway 50,,Woodbridge,ON,L4H 2B9,CA - Canada,2-23-2018,,,
9909036,,SUFC,SUFC - ocpower,587 Apollo St,,Brea,CA,92821,US,2-23-2018,,,,
990901X,,TCA0,Treasure Truck TCA0 Node,455 Valley Drive,,Brisbane,CA,94005,US,2-23-2018,,,,
9909028,,SUPM,SUPM - E2W Distribution,1-AB Terminal Way,,Avenel,NJ,7001,US,2-23-2018,,,,
9909230,,SUJB,SUJB - Peora,706 North Diamond Bar Blvd,Unit A,Diamond Bar,CA,91765,US,03-07-2018,,,,
9909265,,SUOQ,SUOQ - LD Products,3700 Cover St,,Long Beach,CA,90808,US,03-07-2018,,,,
9909176,,SUJD,SUJD - Old Glory/Animalworld,47 Industrial Park Rd,,Centerbrook,CT,6409,US,03-07-2018,,,,
9909273,,SUHS,SUHS- Avalanche Brands,18 Dixon St,,Selbyville,DE,19975,US,03-07-2018,,,,
9909281,,SUJC,SUJC - BodyJ4You,325 NW 28TH ST,,Miami,FL,33127,US,03-07-2018,,,,
9909303,,SUJA,SUJA - BodyJ4You,325 NW 28TH ST,,Miami,FL,33127,US,03-07-2018,,,,
9909192,,SUSL,SUSL - Direct Premium Buys,153 Washington St,1st Floor,East Walpole,MA,2032,US,03-07-2018,,,,
990929X,,SUSK,SUSK - Direct Premium Buys,153 Washington St,1st Floor,East Walpole,MA,2032,US,03-07-2018,,,,
9909222,,SUHX,SUHX - Pinklim,104A GLENN ST,,LAWRENCE,ME,1843,US,03-07-2018,,,,
9909125,,SUVA,SUVA - Loot Hive,8933 Lyndale Ave S,,Bloomington,MN,55420,US,03-07-2018,,,,
990915X,,SUPN,SUPN - What America Buys,4201 Tonelle Ave,,North Bergen,NJ,7047,US,03-07-2018,,,,
9909133,,SUMA,SUMA - aSavings,1201 Jersey Avenue,,North Brunswick,NJ,8902,US,03-07-2018,,,,
9909249,,SUAZ,SUAZ - Under Moments,1189 McDonald Ave,,Brooklyn,NY,11230,US,03-07-2018,,,,
9909214,,SUOP,SUOP - BestSource OfficeSupplies,1673 NY-17M,,Chester,NY,10918,US,03-07-2018,,,,
990932X,,SUOW,SUOW - PLUS Corporation of America,9655 SW Sunshine CT,SUITE 300,Beaverton,OR,97005,US,03-07-2018,,,,
9909141,,SUOS,SUOS Plus Corporation of America,9655 SW SUNSHINE CT,SUITE 300,BEAVERTON,OR,97005,US,03-07-2018,,,,
9909206,,SUOT,SUOT - LD Products,3820 Hempland Rd,,Mountville,PA,17544,US,03-07-2018,,,,
9909257,,SUOR,SUOR - LD Products,3820 Hempland Rd,,Mountville,PA,17544,US,03-07-2018,,,,
9909168,,SUSJ,SUSJ - Gear Meister,8427 South Old Bingham Hwy,,West Jordan,UT,84088,US,03-07-2018,,,,
9909311,,SUCE,SUCE - Focus Camera,1201 Jersey Avenue,,North Brunswick,NJ,8902,US,03-07-2018,,,,
9909400,,SUPR,SUPR - Nutricity,9414 E San Salvador Dr,,Scottsdale,AZ,85258,US,03-09-2018,,,,
9909443,,SUBJ,SUBJ - Walker Bookstore,1104 W Geneva Dr,,Tempe,AZ,85281,US,03-09-2018,,,,
9909451,,SUBW,SUBW - Walker Bookstore,1104 W Geneva Dr,,Tempe,AZ,85281,US,03-09-2018,,,,
9909427,,SUFD,SUFD - ocpower,2024 CAPITAL DR,,WILMINGTON,NC,28405-6464,US,03-09-2018,,,,
990946X,,SUNC,SUNC - E2W Distribution,1113 E 230th Street,,Carson,CA,90745,US,03-09-2018,,,,
9909370,,SUBV,DataAlchemy,810 E 8th St,,Oakland,CA,94606,US,03-09-2018,,,,
9909354,,SUJF,SUJF - Webzom,100 S Wineville Ave,,Ontario,CA,91761,US,03-09-2018,,,,
9909389,,SUPP,SUPP - Longhorn Distribution,230 Centerpoint BLVD,,New Castle,DE,19720,US,03-09-2018,,,,
9909494,,SUPQ,SUPQ - Longhorn Distribution,230 Centerpoint BLVD,,New Castle,DE,19720,US,03-09-2018,,,,
9909435,,SUBU,SUBU - Cirdan,2213 VISTA PKWY,Suite 8,West Palm Beach,FL,33411,US,03-09-2018,,,,
9909486,,SUNB,SUNB - E2W Distribution,320 Telfair Rd,,Savannah,GA,31415,US,03-09-2018,,,,
9909346,,SUDB,SUDB - DragonMarts,8179 Dixie Highway,Suite 200,Florence,KY,41042,US,03-09-2018,,,,
9909419,,SUHV,SUHV - Bare Home,10335 Naples ST NE,,Blaine,MN,55449,US,03-09-2018,,,,
9909397,,SUOX,SUOX - The Mega Deals,19 Robert Pitt Drive STE 103,,Monsey,NY,10952,US,03-09-2018,,,,
9909532,,SUJE,SUJE - Inktastic,5124 Cleveland Rd,,Wooster,OH,44691,US,03-09-2018,,,,
9909362,,SULX,SULX - Line 9 Sales,1728 Smallman St.,,Pittsburgh,PA,15222,US,03-09-2018,,,,
9909516,,SUOY,SUOY - E2W Distribution,1728 Smallman St.,,Pittsburgh,PA,15222,US,03-09-2018,,,,
9909524,,SULF,SULF - ShipIQ,170 Longs Pond Rd,,Lexington,SC,29072,US,03-09-2018,,,,
9909508,,SUOZ,SUOZ - E2W Distribution,359 Pike Court,Suite 500,La Porte,TX,77571,US,03-09-2018,,,,
9909478,,SUNA,SUNA - E2W Distribution,4179 70th Ave East,Suite A,Fife,WA,98424,US,03-09-2018,,,,
9905898,9911308,FTW6,Amazon.com.kydc LLC,2601 W Bethel Road,,Dallas,TX,75261-4034,US,3-14-2018,,,,
9909648,,XUSQ,Amazon Fulfillment Services,460 RESEARCH DR,,Pittston,NJ,18640,US,04-04-2018,,,,
9909656,,ISE1,Amazon Retail LLC,2131 7th Ave,,Seattle,WA,98121,US,04-04-2018,,,,
9909737,,VUWC,VUWC - Flagstaff,2400 N WALGREENS ST,,Flagstaff,AZ,86004-6129,US,4-17-2018,,,,
9909796,,XUSP,XUSP - 3PL Kuehne-Nagel,XUSP - 3PL Kuehne-Nagel,,Aberdeen,MD,21001,US,4-18-2018,,,,
990977X,,XUSR,XUSR 3PL,5425 Dixie Highway,,Saginaw,MI,48601,US,4-18-2018,,,,
9909834,,VUGO,VUGO - Abbott GA,300 Interstate West Parkway,,Austell,GA,30168,US,4-25-2018,,,,
9909826,,TIW1,Port of Tacoma,One Sitcum Plaza,,Tacoma,WA,98421,US,4-25-2018,,,,
95331031,,KUS2,Shenzhen Chinex Logistics Co., Ltd.,2nd Floor, A57 Building B, Northern part of Modern Logistics Center,Yantian Integrated Bonded Zone, Mingzhu Ave.,Shenzhen,,518083,CN - China,5-14-2018
95410271,,KUS1,Ocean East International Logistics,No 77 Yesheng Road,,Shanghai,,201306,CN - China,5-14-2018,,,,
990994X,,RELO,ReCommerce 3PL,201 Spear St,,San Francisco,CA,94105-1630,US,5-15-2018,,,,
9910115,,VUWH, VUWH - Hills Pets (Ontario, CA),5725 Jurupa St,,Ontario,CA,91761,US,06-08-2018,,,
9910123,,ICSF,IVSF,2821 MARION DR STE 109,,LAS VEGAS,NV,89115,US,06-09-2018,,,,
9910298,,VUQH,VUQH - NicePak IN,381 Airtech Pkwy,,Plainfeild,IN,46168,US,07-05-2018,,,,
9910530,9910549,IND8,7760 W Morris Street,,,,,,,,,,,
,712 S. Girls School Rd.,,Indianapolis,IN,46231,US,7-13-2018,,,,,,,
990378X,,XIX2,Golden State FC LLC,2020 E Central Ave,,San Bernardino,CA,92408-0123,US,08-09-2018,,,,
9910654,,XUSV,Amazon Fulfillment Services,2255 W. Lugonia Avenue,,Redlands,CA,92374-5049,US,08-10-2018,,,,
9970832,,ITX1,Amazon fulfillment services,9851 Fallbrook Pines Drive Suite 100,,Houston,TX,77064-3329,US,08-10-2018,,,,
9910840,,ITX2,Amazon fulfillment services,6911 FAIRBANKS N HOUSTON RD SUITE 160,,Houston,TX,77040-1437,US,08-10-2018,,,,
9910816,,SBX2,ShopBop,4718 Helgesen Drive,Suite 1,Madison,WI,53718-6740,US,08-10-2018,,,,
136748X,,IMXF,MEX1 for XBPS,Parque Industrial Tres R�os, TR8 (Amazon),Carretera M�xico ?EQuer�taro km 41.5,Cuautitlan Izcalli,,54715,MX -Mexico,8-20-2018,,,
1367471,,IMXH,Welldex XBPS Node,EJE 140, Av. Central 108,Col. Zona industrial,San Luis Potosi,,78395,MX -Mexico,8-20-2018,,,
8100950,8100969,YYC1,Amazon Canada Fulfillment Services, Inc.,293069 Colonel Robertson Way,,Calgary,AB,T4A 1C6,CA - Canada,9-19-2018,,,
9909990,,XUSU,845 Paragon Way,,,Rock Hill,SC,29730,US,9-19-2018,,,,
9911529,,XBSP,NFI Industries - Bulk Storage 3PL,15750 Mountain Ave,,CHINO,CA,91708-9120,US,1-21-2019,,,,
991160X,,VAEO,VAEO - Amazon Employee Outlet,20526 59th Place S.,,Kent,WA,98032,US,02-04-2019,,,,
9911626,,VUQN,VUQH - First Quality UT,1711 S 4650 W,,Salt Lake City,UT,84104,US,02-05-2019,,,,
9911634,,VUQM,VUQM - FQ SC,441 Masters Boulevard,,Anderson,SC,29626,US,02-05-2019,,,,
9911669,,ASE3,ASE3 -  Amazon Prime Now,20526 59th Place South,,Kent,WA,98032-2159,US,02-08-2019,,,,
9911677,,PPH3,PPH3- Amazon Prime Now,2306 South Street,,PHILADELPHIA,PA,19146-1122,US,02-08-2019,,,,
9911987,,ISE6,ISE6-Amazon Go,307 Fairview Avenue North,,Seattle,WA,98109,US,3-27-2019,,,,
9912010,,ICH5,ICH5-Amazon Go,111 E Wacker Dr,,Chicago,IL,60601,US,3-29-2019,,,,
9912533,,SFL1,SLF1,7469 KINGSPOINTE PKWY,,ORLANDO,FL,32819-8587,US,4-26-2019,,,,
9921028,,Jan-01,Jan-01,219 MADISON COUNTY PKWY,,CANTON,MS,39046-2100,US,1-28-2021,,,,
9926488,,VUCJ,VUCJ,105 WILLOW SPRINGS LN,,YORK,PA,17406-8511,US,4-18-2022,,,,
9926682,,VUDC,VUDC,8400 INDUSTRIAL BLVD,,BREINIGSVILLE,PA,18031-1478,US,5-13-2022,,,,
9926690,,VUDZ,VUDZ,1950 PALMETTO AVE,,REDLANDS,CA,92374-5021,US,5-16-2022,,,,
9927263,,VUCV,VUCV,100 PROLOGIS PKWY,,MORRIS,IL,60450-4504,US,5-24-2022,,,,
9928030,,VUCS,VUCS,100 NE COLUMBIA BLVD,,PORTLAND,OR,97211-1416,US,5-25-2022,,,,
9928049,,VUCN,VUCN,27 GATEWAY COMMERCE CENTER DR,,EDWARDSVILLE,IL,62025-2811,US,5-25-2022,,,,
9928057,,VUCU,VUCU,480 E NORTH AVE,,FRESNO,CA,93706-5466,US,5-25-2022,,,,
VXPB,,VXPB,VXPB,Parque Industrial - Toluca Parks II, Nave 3,Camino Real a Santin 129, San Mateo Otzacatipan, Toluca,San Mateo Otzacatipan,MX,50030,MX,5-31-2022,
VXPC,,VXPC,VXPC,Prolongacio La Joya S-N Col.Barrio,San Jose C.P 54878 Cuautitlan, Estado de mexico,Cuautitlan,MX,54878,MX,5-31-2022,,,
VXPA,,VXPA,VXPA,Parque Industrial - Carretera Amomolulco,Ocoyoacac Km 0.2 Int.9, Col. San Pedro Ocoyoacac,Estado de Mexico,MX,52754,MX,5-31-2022,,,
VXIA,,VXIA,VXIA,Av. Ferrocarril Central s,n Bodega 7 ,Col.Xochinahuac,del. Azcapotzalco ,Mexico City,MX,2120,MX,5-31-2022,,
9928073,,VUEM,VUEM,3280 E La Madre Way,,NORTH LAS VEGAS,NV,89081,US,5-31-2022,,,,
9928081,,VUDB,VUDB,15801 S GREEN RD,,OLATHE,KS,66061,US,5-31-2022,,,,
992809X,,VUDD,VUDD,1802 C ST,,SACRAMENTO,CA,95811-1010,US,5-31-2022,,,,
9928235,,VUCM,VUCM,190 BARTRAM PKWY,,FRANKLIN,IN,46131-6973,US,6-13-2022,,,,
9928243,,VUCQ,VUCQ,31100 W 196TH ST,,EDGERTON,KS,66021-4503,US,6-13-2022,,,,
9925228,,VUCZ,VUCZ,7816 HAWKS PRAIRIE RD NE,,LACEY,WA,98516-2731,US,6-20-2022,,,,
9928324,,AGS3,AGS3,785 Innovation Pkwy.,,APPLING,GA,30802,US,6-23-2022,,,,
9928332,,AKH4,AKH4,525 Scalybark Rd,,GASTONIA,NC,28054,US,6-23-2022,,,,
9928340,,BOI7,BOI7,2201 E. Freight St,,BOISE,ID,83716,US,6-23-2022,,,,
9928359,,XLX7,XLX7,18580 GATEWAY DR,,VICTORVILLE,CA,92394,US,6-23-2022,,,,
9928367,,LDJ7,LDJ7,526 Gulf Avenue,,STATEN ISLAND,NY,10314,US,6-23-2022,,,,
9908463,,LXY2,LXY2,911 TREY ST   DOCK DOOR 114,,JEFFERSONVILLE,IN,47130-7702,US,6-23-2022,,,,
9928375,,MDT8,MDT8,200 Goodman Drive,,LEWISBERRY,PA,17339,US,6-23-2022,,,,
9928383,,PIT4,PIT4,17 William Drive,,IMPERIAL,PA,15126,US,6-23-2022,,,,
9928391,,RFD3,RFD3,4300 Brandon Road,,ELWOOD,IL,60421,US,6-23-2022,,,,
9928405,,RFD7,RFD7,23700 Bluff Road,,CHANNAHON,IL,60410,US,6-23-2022,,,,
9928413,,SAT7,SAT7,6611 Lancer Boulevard,,SAN ANTONIO,TX,78220,US,6-23-2022,,,,
9928421,,SAV7,SAV7,60 Triple-B Trail,,PORT WENTWORTH,GA,31407,US,6-23-2022,,,,
992843X,,TPA9,TPA9,585 33rd Street NW,,RUSKIN,FL,33570,US,6-23-2022,,,,
9928448,,TUS7,TUS7,3590 East Corona Rd,,TUCSON,AZ,85756,US,6-23-2022,,,,
9928456,,VGT4,VGT4,6501 Howdy Wells  Prologis Speedway Bldg6,,LAS VEGAS,NV,89115,US,6-23-2022,,,,
9920870,,XLX6,XLX6,12220 Carolina Logistics Drive,,PINEVILLE,NC,28134,US,6-23-2022,,,,
9928464,,BTR7,BTR7,3191 Webster Lane,,PORT ALLEN,LA,70767,US,6-23-2022,,,,
9928472,,CAK4,CAK4,10242 State Route 43,,STREETSBORO,OH,44241,US,6-23-2022,,,,
9928480,,CNO3,CNO3,21590 Needham Ranch Parkway,,Santa Clarita,CA,91321,US,6-23-2022,,,,
9928499,,DSM7,DSM7,2300 Shiloh Rose Pkwy. SW,,BONDURANT,IA,50035,US,6-23-2022,,,,
9928502,,FLL4,FLL4,14250 Aviation Drive,,HIALEAH,FL,33014,US,6-23-2022,,,,
9928510,,GLS1,GLS1,6363 FM 1405,,BAYTOWN,TX,77523,US,6-23-2022,,,,
9928529,,HBF7,HBF7,6311 36TH AVE W,,EVERETT,WA,98203-1265,US,6-23-2022,,,,
9928537,,HBN7,HBN7,1701 LEBANON PIKE CIR,,NASHVILLE,TN,37210-3215,US,6-23-2022,,,,
9928545,,HCE7,HCE7,23371 AURORA RD,,BEDFORD,OH,44146-1783,US,6-23-2022,,,,
9928553,,HDT7,HDT7,12795 PREMIER CENTER CT,,PLYMOUTH,MI,48170-3212,US,6-23-2022,,,,
9928561,,HDY7,HDY7,45 LAU PKWY,,CLAYTON,OH,45315-8754,US,6-23-2022,,,,
992-857X,,HGR7,HGR7,5199 68TH ST SE,,CALEDONIA,MI,49316-9516,US,6-23-2022,,,,
9928588,,HMC7,HMC7,4158 POWELL DR,,SHAWNEE,KS,66226-7810,US,6-23-2022,,,,
992-860X,,HMK7,HMK7,16555 W SMALL RD,,NEW BERLIN,WI,53151,US,6-23-2022,,,,
9928618,,HPH7,HPH7,120 W PUMPING STATION RD,,QUAKERTOWN,PA,18951-4214,US,6-23-2022,,,,
9928626,,HPT7,HPT7,4800 MCCLAREN WOODS DR,,CORAOPOLIS,PA,15108-7777,US,6-23-2022,,,,
9928634,,HPX7,HPX7,1343 N COLORADO ST,,GILBERT,AZ,85233-1618,US,6-23-2022,,,,
9928642,,HSM7,HSM7,3640 RAMOS DRIVE,,SACRAMENTO,CA,95864,US,6-23-2022,,,,
9928650,,HTP7,HTP7,9799 INTERNATIONAL CT N,,SAINT PETERSBURG,FL,33716-4807,US,6-23-2022,,,,
9928669,,HYN7,HYN7,2 EMPIRE BLVD,,MOONACHIE,NJ,07074-1303,US,6-23-2022,,,,
9923578,,BNA6,BNA6,3875 GUTHRIE HWY,CLARKSVILLE,37040-5509,TN,37040-5509,US,6-27-2022,,,,
9923586,,BOS3,BOS3,1450 Osgood Landing,,NORTH ANDOVER,MA,01845-1015,US,6-27-2022,,,,
CGH1,,CGH1,CGH1,Avenida de Ligacao Doutor Antonio Jao Abdalla,947 Estrada do Gamelao, Bairro do Taboao,Cajamar,SP,7764000,BR,6-27-2022,,,
9923594,,CMH7,CMH7,1245 BEECH RD SW,,NEW ALBANY,OH,43054-7762,US,6-27-2022,,,,
9923608,,CRG1,CRG1,13450 WATERWORKS ST,,JACKSONVILLE,FL,32221-8118,US,6-27-2022,,,,
9923616,,DCA7,DCA7,Centreport Pkwy I-95,,FREDERICKSBURG,VA,22406,US,6-27-2022,,,,
9923624,,DET6,DET6,20110 WOODWARD AVE,,DETROIT,MI,48203-1083,US,6-27-2022,,,,
9923632,,FWA6,FWA6,5510 FLAUGH RD,,FORT WAYNE,IN,46818-9788,US,6-27-2022,,,,
9923640,,HDC3,HDC3,270 MIDWAY RD,,BETHEL,PA,19507-9517,US,6-27-2022,,,,
9923659,,HMW2,HMW2,30260 S GRAASKAMP BLVD,,WILMINGTON,IL,60481-2007,US,6-27-2022,,,,
9923667,,HSE2,HSE2,13905 Crayton Blvd,,HAGERSTOWN,MD,21742-3690,US,6-27-2022,,,,
9923675,,HSV2,HSV2,AL HWY 20,,MADISON,AL,35756,US,6-27-2022,,,,
9923683,,IAH3,IAH3,15525 Milner Road,,HOUSTON,TX,77032,US,6-27-2022,,,,
9928693,,MAO8,MAO8,14 Candlewood Lake Rd.,,BROOKFIELD,CT,6804,US,6-27-2022,,,,
9928685,,MAI8,MAI8,14837 POMERADO RD,,POWAY,CA,92064-2803,US,6-27-2022,,,,
9928715,,MAO7,MAO7,4054 Nesconset Hwy.,,EAST SETAUKET,NY,11733,US,6-28-2022,,,,
9928723,,MAL5,MAL5,357 BROADWAY,,SAUGUS,MA,01906-1905,US,6-28-2022,,,,
992874X,,MAI7,MAI7,1510 US 46 W.,,LITTLE FALLS,NJ,7424,US,6-28-2022,,,,
9928758,,MAC6,MAC6,403 W. Chester Pike,,Havertown,PA,19083,US,6-28-2022,,,,
9928766,,MAF5,MAF5,235 Foothill Blvd,,Upland,CA,91786,US,6-28-2022,,,,
9928774,,MAK5,MAK5,9960 Roosevelt Blvd,,PHILADELPHIA,PA,19115-1705,US,6-28-2022,,,,
9928782,,MAL2,MAL2,325 Palatine Rd,,ARLINGTON HEIGHTS,Illinois,60004,US,6-28-2022,,,,
9928790,,MAI2,MAI2,137 Rte. 35 & Wyckoff,,Eatontown,NJ,7724,US,6-28-2022,,,,
9928804,,MAM5,MAM5,2 Memorial Dr.,,LODI,NJ,7644,US,6-28-2022,,,,
9928812,,MAM9,MAM9,7530 Elk Grove Blvd,,ELK GROVE,CA,95757,US,6-28-2022,,,,
9928820,,MAF8,MAF8,21035 Hawthorne Blvd,,TORRANCE,CA,90503,US,6-28-2022,,,,
9929029,,VUCR,VUCR,1000 OATES CT,,MODESTO,CA,95358-5818,US,7-25-2022,,,,
9929150,,SCA7,SCA7,717 Harvest Road,Building A,SAN DIEGO,CA,92154,US,8-16-2022,,,,
9929169,,SMO1,SMO1,4001 East 149th Street,,KANSAS CITY,MO,64147,US,8-16-2022,,,,
9929177,,STX9,STX9,6401 US HIGHWAY 183 S,,,TX,78744,US,8-16-2022,,,,
9929185,,SAZ2,SAZ2," 	",,,,,,,,,,
10601 West Van Buren Street,,TOLLESON,AZ,85353,US,8-19-2022,,,,,,,,
9929193,,PTX3,PTX3,400 TECHNOLOGY PKWY,,COLLEGE STATION,TX,77845-5826,US,8-19-2022,,,,
9929207,,LBE1,LBE1,Glenn Fox Road and Siebe Drive,,NEW STANTON,PA,15672,US,8-19-2022,,,,
9929215,,HLA6,HLA6,8817 W Kibler Ave,,VISALIA,CA,93291,US,8-19-2022,,,,
992924X,,HDC4,HDC4,270 MIDWAY RD,,BETHEL,PA,19507-9517,US,8-19-2022,,,,
9929223,,HCA5,HCA5,5250 Goodman Way,,Eastvale,CA,91752,US,8-19-2022,,,,
9929282,,HAX4,HAX4,8817 W Kibler Ave,,VISALIA,CA,93291,US,8-19-2022,,,,
9929231,,CHO1,CHO1,32 TRADER RD,,FISHERSVILLE,VA,22939-2437,US,8-19-2022,,,,
9929320,,DTS1,DTS1,1850 Mercer Rd,,LEXINGTON,KY,40511,US,8-23-2022,,,,
9929339,,LSI1,LSI1,130 Independence Dr,,PITTSTON,PA,18640,US,8-23-2022,,,,
9929347,,LSI2,LSI2,3300 Wood Dr 100,,GARLAND,TX,75041,US,8-23-2022,,,,
9929059,,VUDE,VUDE,608 FOLCROFT ST,,BALTIMORE,MD,21224-2945,US,9-13-2022,,,,
9929517,,FLJ3,FLJ3,Yongcheng Science and Technology Innovation Pk.,,QingxiTown, Dongguan City,WA,98109,US,9-13-2022,,,
9929525,,FLJ4,FLJ4,No. 189 Qiushi Rd.,,Yiwu City,WA,98109,US,9-13-2022,,,,
9929576,,AWD1,AWD1,600 PRINCIPIO PKWY W,,NORTH EAST,MD,21901-2914,US,9-20-2022,,,,
9929584,,AWD2,AWD2,4200 FERRY RD,,NAPERVILLE,IL,60563,US,9-20-2022,,,,
9929819,,MAJ3,MAJ3,2130 State Route 35,,HOLMDEL,NJ,7733,US,10-20-2022,,,,
9929800,,MAZ1,MAZ1,1550 Crystal Dr #2,,Arlington,VA,22202,US,10-20-2022,,,,
9929827,,VUDF,VUDF,2020 E VINE AVE,,FRESNO,CA,93706-5458,US,10-20-2022,,,,
9929835,,VUDG,VUDG,651 Boulder Drive,,BREINIGSVILLE,PA,18031,US,10-20-2022,,,,
9929843,,VUDH,VUDH,3910 Alto Ave,,LAS VEGAS,NV,89115,US,10-20-2022,,,,
9929851,,VUDJ,VUDJ,2842 Spiegel Drive,,GROVEPORT,OH,43125,US,10-20-2022,,,,
EML1,,EML1,EML1,Calle Viveros de AsIs 283,Habitacional Viveros de la Loma Tlalnepantla de Baz,EDOMEX,Estado de Mexico,54080,MX,11-04-2022,,,,
EML2,,EML2,EML2,Av. Mexico 2624,Ladron de Guevara Guadalajara,JALISCO,JALISCO,44600,MX,11-04-2022,,,,
EML3,,EML3,EML3,Ignacio L. Vallarta 602,Centro Monterrey,NUEVO LEON,NUEVO LEON,64000,MX,11-04-2022,,,,
EMK5,,EMK5,EMK5,Avenida San Bernabe 191,Independencia Batan Norte,CIUDAD DE MEXICO,Mexico DF,10100,MX,11-04-2022,,,,
EMK7,,EMK7,EMK7,Av Chapultepec 596,San Miguel Chapultepec II Seccion,CIUDAD DE MEXICO,Mexico DF,11850,MX,11-04-2022,,,,
9930434,,VUDI,VUDI,201 Greenwood Ct,,MCDONOUGH,GA,30253,US,01-12-2023,,,,
9930442,,VUDM,VUDM,3419 RITNER HWY,,NEWVILLE,PA,17241-9460,US,01-12-2023,,,,
9930450,,VUDO,VUDO,5 TRUE TEMPER DR,,CARLISLE,PA,17015-6905,US,01-12-2023,,,,
9930469,,VUDN,VUDN,2250 I-30 Frontage Rd,,GRAND PRAIRIE,TX,75050,US,01-12-2023,,,,
9930477,,VUDL,VUDL,251 E LARAWAY RD,,JOLIET,IL,60433-8450,US,01-12-2023,,,,
9930183,,IWA3,IWA3,17710 Canyon Road E,,Frederickson,WA,98375,US,01-12-2023,,,,
9930558,,ABS1,ABS1,1 Temp Address,,HOLTSVILLE,NY,501,US,1-18-2023,,,,
9930566,,ABS2,ABS2,3 Temp Address,,BOWLING GREEN,KY,42101,US,1-18-2023,,,,
9930574,,ABS3,ABS3,3 Temp Address,,BOULDER,CO,80301,US,1-18-2023,,,,
9930582,,ABS4,ABS4,3 Temp Address,,SPOKANE,WA,99224,US,1-18-2023,,,,
9930590,,ALB8,ALB8,1710 SCHODACK VALLEY RD,,CASTLETON ON HUDSON,NY,12033,US,1-18-2023,,,,
9930604,,GEG8,GEG8,111 N HAYFORD RD,,SPOKANE,WA,99224,US,1-18-2023,,,,
9930612,,QXX3,QXX3,0 Temp Address,,HOLTSVILLE,NY,501,US,1-18-2023,,,,
9930620,,QXY2,QXY2,18580 GATEWAY DR,,VICTORVILLE,CA,92394-7904,US,1-18-2023,,,,
9930639,,QXZ1,QXZ1,3 Temp Address,,BOWLING GREEN,KY,42101,US,1-18-2023,,,,
9930647,,RMN3,RMN3,220 Centreport Pkwy.,,FREDERICKSBURG,VA,22406,US,1-18-2023,,,,
9930655,,ROC8,ROC8,2600 MANITOU RD,,ROCHESTER,NY,14653,US,1-18-2023,,,,
9930663,,SAC8,SAC8,8040 METRO AIR PKWY,,SACRAMENTO,CA,95837,US,1-19-2023,,,,
9930671,,SFC1,SFC1,2421 BEAR CORBITT RD,,NEW CASTLE,DE,19720,US,1-19-2023,,,,
993068X,,SFC2,SFC2,38 MARKET ST,,ELMWOOD PARK,NJ,7407,US,1-19-2023,,,,
9930698,,SFC3,SFC3,3701 S FLAMINGO RD,,MIRAMAR,FL,33027,US,1-19-2023,,,,
9930701,,SFL7,SFL7,4902 W WATERS AVE,,TAMPA,FL,33634-1321,US,1-19-2023,,,,
993071X,,STX8,STX8,3051 RESEARCH DR,,RICHARDSON,TX,75082-3504,US,1-19-2023,,,,
9930728,,TYS8,TYS8,210 PARTNERSHIP PKWY,,MARYVILLE,TN,37801,US,1-19-2023,,,,
9930736,,XLA4,XLA4,12801 Excelsior Drive,,SANTA FE SPRINGS,CA,90670-5413,US,1-19-2023,,,,
9930744,,XOA1,XOA1,GSC Logistics, ,,,,,,,,,
555 Maritime St.,,OAKLAND,CA,94607,US,1-19-2023,,,,,,,,
9930752,,XPH1,XPH1,ROADONE INTERMODEL LOGISTICS , ,,,,,,,,,
6625 COLLEGE DR,,SUFFOLK,VA,23435-2615,US,1-19-2023,,,,,,,,
9930760,,XSE2,XSE2,14409 24th St E,,SUMNER,WA,98390,US,1-19-2023,,,,
9917810,,FSD1,FSD1,6700 N. Marion Road,,Sioux Falls,SD,57107,US,1-31-2023,,,,
9931023,,VUDP,VUDP,1175 E. Francis Street,,ONTARIO,CA,91761,US,2-22-2023,,,,
9931287,,VUDQ,VUDQ,7130 New Buffington Rd,,FLORENCE,KY,41042,US,3-21-2023,,,,
9931325,,VUDT,VUDT,6817 W 300 N,,GREENFIELD,IN,46140,US,3-23-2023,,,,
9931333,,VUDS,VUDS,4625 N 45th Ave,,PHOENIX,AZ,85031,US,3-23-2023,,,,
9931341,,VUDR,VUDR,10700 NW 36th Ave,,MIAMI,FL,33166,US,3-23-2023,,,,
7803311,,YGK1,YGK1,659 COLLEGE ST E,,BELLEVILLE,ON,K8N 0A3,CA,3-23-2023,,,,
9931430,,VUDV,VUDV,3515 N Las Vegas Blvd,,LAS VEGAS,NV,89115,US,04-04-2023,,,,
9931457,,VUDU,VUDU,16400 E 620 Rd,,INOLA,OK,74036,US,04-04-2023,,,,
9931465,,VUDW,VUDW,1006 Marley Drive,,HAINES CITY,FL,33844,US,04-04-2023,,,,
9931651,,VUDX,VUDX,51 Commerce Dr,,MECHANICSBURG,PA,17050,US,4-24-2023,,,,
993166X,,VUDY,VUDY,1650 Macom Dr,,DEKALB,IL,60115,US,4-24-2023,,,,
9931678,,VUEE,VUEE,5151 East Philadelphia St,,ONTARIO,CA,91761,US,4-24-2023,,,,
9931686,,VUFH,VUFH,2850 Duke Parkway,,AURORA,IL,60502,US,4-24-2023,,,,
9931856,,VUEN,VUEN,2600 Regent Blvd,,DFW Airport,TX,75261,US,05-12-2023,,,,
9932011,,PGSA,PGSA,651 MONSTER RD SW,,RENTON,WA,98057-2966,US,05-01-2023,,,,
9907343,,XSD1,XSD1,2500 Export Drive,,LOUISVILLE,KY,40219,US,06-05-2023,,,,
9932143,,XPH8,XPH8,880 PA-940,,WHITE HAVEN,PA,18661-3473,US,06-05-2023,,,,
9932127,,XPH3,XPH3,300 Crossings Rd,,BURLINGTON,NJ,8016,US,06-05-2023,,,,
9932119,,XJF1,XJF1,2501 Mt Holly Road,,BURLINGTON,NJ,08016-4802,US,06-05-2023,,,,
9932100,,SIL4,SIL4,1260 N KOSTNER AVE,,CHICAGO,IL,60651,US,06-05-2023,,,,
9932097,,SFL8,SFL8,9775 AIR COMMERCE PKWY,,ORLANDO,FL,32827-7332,US,06-05-2023,,,,
9932089,,SFL6,SFL6,1301 PRESIDENT BARACK OBAMA HWY,,RIVIERA BEACH,FL,33404-6703,US,06-05-2023,,,,
9932070,,MDT9,MDT9,251 Westwood HL,,Frailey Twp,PA,17981,US,09-07-2023,,,,
9932062,,HGR5,HGR5,1480 UNITED DR,,SHIPPENSBURG,PA,17257-9552,US,06-05-2023,,,,
9932208,,VUER,VUER,2 Glenshaw St,,ORANGEBURG,NY,10962,US,06-12-2023,,,,
9932216,,VUEP,VUEP,13032 Slover Ave.,,FONTANA,CA,92337,US,06-12-2023,,,,
9932224,,VUEQ,VUEQ,1350 Moosic Lake Rd.,,JESSUP,PA,18434,US,06-12-2023,,,,
9932240,,VUES,VUES,2821 Danieldale Rd,,LANCASTER,TX,75134,US,6-13-2023,,,,
9932259,,VUET,VUET,753 Broadway Ave.,,BRASELTON,GA,30517,US,6-13-2023,,,,
9932305,,VUEO,VUEO,20500 S Alameda St,,CARSON,CA,90810,US,6-15-2023,,,,
9932402,,IUSJ,IUSJ,36900 W. 4th St.,,BEAUMONT,CA,92223,US,6-23-2023,,,,
9932666,,VUEU,VUEU,5803 Old Hwy 146,,SEABROOK,TX,77586,US,7-21-2023,,,,
9932968,,BAX2,BAX2,3829 Logistics Way,,Antioch,TN,37013,US,8-15-2023,,,,
9932976,,XCE3,XCE3,789 Industrial Blvd.,,WOOSTER,OH,44691-8927,US,8-15-2023,,,,
9932984,,LSI3,LSI3,1180 Elijah Creek Rd.,,HEBRON,KY,41048-8219,US,8-15-2023,,,,
9933441,,HEW7,HEW7,100 Forge Way 1,,ROCKAWAY,NJ,7866,US,8-23-2023,,,,
9933468,,HEU7,HEU7,33468 Eagle Rd Bldg 40,,TANGENT,OR,97389,US,8-23-2023,,,,
9933476,,HDC7,HDC7,6885 Commercial Dr,,SPRINGFIELD,VA,22150,US,8-23-2023,,,,
9933484,,HMK6,HMK6,5004 Tradewinds Pkwy,,MADISON,WI,53718,US,8-23-2023,,,,
9933492,,HLV7,HLV7,3777 Marion Drive,,LAS VEGAS,NV,89115,US,8-23-2023,,,,
9933506,,HLU7,HLU7,15704 Westport Commerce Drive,,CHESTERFIELD,MO,63017,US,8-23-2023,,,,
9933514,,HLO7,HLO7,4677 Peter Schickel Way NE,,GEORGETOWN,IN,47122,US,8-23-2023,,,,
9933522,,HKX7,HKX7,4825 Lumber Ln 101,,KNOXVILLE,TN,37921,US,8-23-2023,,,,
9933530,,HJX7,HJX7,2780 Lloyd Rd,,JACKSONVILLE,FL,32254,US,8-23-2023,,,,
9933549,,HIN7,HIN7,3507 Olive Rd Ste. F,,SOUTH BEND,IN,46628,US,8-23-2023,,,,
9933557,,HGE7,HGE7,2720 E Ferry Ave,Bldg. 3,SPOKANE,WA,99202,US,8-23-2023,,,,
9933565,,HFA7,HFA7,3523 S Northpointe Dr,,FRESNO,CA,93725,US,8-23-2023,,,,
9933042,,SFB2,SFB2,2501 N. Normandy Ave,,DELTONA,FL,32725,US,8-22-2023,,,,
9933050,,HBI7,HBI7,3920 E Lanark St,,MERIDIAN,ID,83642,US,8-22-2023,,,,
9933077,,ORH3,ORH3,53 Sturbridge Road,,CHARLTON,MA,1507,US,8-22-2023,,,,
9933069,,ABQ2,ABQ2,6251 Pioneer Trail NW,,LOS LUNAS,NM,87031,US,8-22-2023,,,,
9933085,,HAX7,HAX7,5650 Dolly Ave,,BUENA PARK,TX,77586,US,8-22-2023,,,,
9933093,,SBW1,SBW1,1701 East Patapsco Avenue,,BALTIMORE CITY,MD,21226,US,8-22-2023,,,,
9933107,,SVA2,SVA2,2000 Enterprise Parkway,,VIRGINIA BEACH CITY,VA,23666,US,8-22-2023,,,,
9933115,,HPH8,HPH8,1354 Old Post Road,,HAVRE DE GRACE,MD,21078,US,8-22-2023,,,,
9933123,,HLX7,HLX7,14100 Alton Pkwy,,IRVINE,CA,92618,US,8-22-2023,,,,
9933131,,HMY7,HMY7,10057 Airline Hwy Bldg 2,,SAINT ROSE,LA,70087,US,8-22-2023,,,,
993314X,,HAL7,HAL7,30B Post Rd Alton Pkwy,,ALBANY,NY,12205,US,8-22-2023,,,,
9933158,,HAX8,HAX8,3015 East Ana Street,,COMPTON,CA,90221,US,8-22-2023,,,,
9933166,,HBA7,HBA7,3510 Washington Blvd,,HALETHORPE,MD,21227,US,8-22-2023,,,,
9933174,,RYY2,RYY2,250 Cassville White Road,,Cartersville,GA,30184,US,8-22-2023,,,,
9933182,,HCO7,HCO7,715 S Academy Blvd,,COLORADO SPRINGS,CO,80910,US,8-22-2023,,,,
9933190,,HLI7,HLI7,400 Sharkey Dr,,MAUMELLE,AR,72113,US,8-22-2023,,,,
9933204,,HOK7,HOK7,3401 S. Council Road,,OKLAHOMA CITY,OK,73179,US,8-22-2023,,,,
9933212,,HSY7,HSY7,6804 Manlius Center Rd,,EAST SYRACUSE,NY,13057,US,8-22-2023,,,,
9933220,,HVB7,HVB7,103 Industrial Dr,,SUFFOLK,VA,23435,US,8-22-2023,,,,
9933239,,HLK8,HLK8,21320 84th Ave S,,KENT,WA,98032,US,8-22-2023,,,,
9933247,,PVD2,PVD2,2160 Hartford Avenue,,JOHNSTON,RI,2919,US,8-22-2023,,,,
9933255,,RDU4,RDU4,6309 Bragg Blvd,,FAYETTEVILLE,NC,28303,US,8-22-2023,,,,
9933263,,HCN7,HCN7,3525 Point Pleasant Rd,,HEBRON,KY,41048,US,8-22-2023,,,,
9933271,,HBM7,HBM7,2501 3rd Pl W,,BIRMINGHAM,AL,35204,US,8-22-2023,,,,
993328X,,HCH8,HCH8,2350 S Wood St,,CHICAGO,IL,60608,US,8-22-2023,,,,
9933298,,HRN7,HRN7,1316 Capital Blvd,,RENO,NV,89502,US,8-22-2023,,,,
9933301,,HRO7,HRO7,1777 Henrietta Road,,ROCHESTER,NY,14623,US,8-22-2023,,,,
993331X,,HBF8,HBF8,2201 140th Ave E,,SUMNER,WA,98390,US,8-22-2023,,,,
9933328,,HSX8,HSX8,4825 Eisenhauer Rd,,SAN ANTONIO,TX,78218,US,8-22-2023,,,,
9933336,,HSA8,HSA8,2367 Tremont Rd,,SAVANNAH,GA,31405,US,8-22-2023,,,,
9933344,,HRS7,HRS7,7916 Drew Cir,,FORT MYERS,FL,33967,US,8-22-2023,,,,
9933352,,HDS7,HDS7,200 SE 37th Street,,GRIMES,IA,50111,US,8-22-2023,,,,
9933379,,HCI7,HCI7,2500 Heinz Road,,IOWA CITY,IA,52240,US,8-23-2023,,,,
9933387,,HNY9,HNY9,5685 49th ST,,MASPETH,NY,11378,US,8-23-2023,,,,
9933395,,HTC7,HTC7,5990 S County Club Rd,,TUCSON,AZ,85706,US,8-23-2023,,,,
9933409,,HOM7,HOM7,5606 Lindbergh Dr,,OMAHA,NE,68110,US,8-23-2023,,,,
9933417,,HBO8,HBO8,34 Market St,,EVERETT,MA,2149,US,8-23-2023,,,,
9933425,,HCT7,HCT7,4400 Amnicola Hwy,,CHATTANOOGA,TN,37406,US,8-23-2023,,,,
9933433,,HMK8,HMK8,5739 Green Valley,,OSHKOSH,WI,54904,US,8-23-2023,,,,
7803346,,HYE7,HYE7,3675 11th Street,,Nisku,AB,T9E 1C6,CA-Canada,8-29-2023,,,,
780332X,,HYV7,HYV7,1650 Brigantine Drive,,Coquitlam,BC,V3K 7B5,CA-Canada,8-29-2023,,,,
7803338,,HYU7,HYU7,5799 Route de LAeroport,,Saint-Hubert,QC,J3Y 8Y9,CA-Canada,8-29-2023,,,,
7803354,,YDC5,YDC5,292083 Crosspointe Road,,Rocky View County,AB,T4A 0S3,CA-Canada,8-31-2023,,,,
7803370,,HYZ8,HYZ8,1271 Tapscott Road,,Scarborough,ON,M1X 1S9,CA-Canada,8-31-2023,,,,
7803389,,HYZ7,HYZ7,529 Michigan Drive,,Oakville,ON,L6L 0G4,CA-Canada,8-31-2023,,,,
7803362,,HYC8,HYC8,292083 Crosspointe Road,,Rocky View County,AB,T4A 0S3,CA-Canada,8-31-2023,,,,
9933778,,VUEV,VUEV,600 Causby Rd,,MORGANTON,NC,28655,US,09-08-2023,,,,
9933808,,QXY8,QXY8,3611 S NORTHPOINTE DR,,FRESNO,CA,93725-1962,US,09-11-2023,,,,
